"g#","initial_alias","initial_ensg","o#","ortholog_name","ortholog_ensg","description"
"1","A2M","ENSG00000175899","1.1.1","tep-1","WBGene00013969","TEP (ThiolEster containing Protein)  [Source:UniProtKB/TrEMBL;Acc:Q7JKM0]"
"2","AANAT","ENSG00000129673","2.1.1","N/A","N/A","N/A"
"3","ACE","ENSG00000159640","3.1.1","N/A","N/A","N/A"
"4","ADAM10","ENSG00000137845","4.1.1","N/A","N/A","N/A"
"5","ADAM12","ENSG00000148848","5.1.1","N/A","N/A","N/A"
"6","ADAM15","ENSG00000143537","6.1.1","N/A","N/A","N/A"
"7","ADAM17","ENSG00000151694","7.1.1","adm-4","WBGene00000075","Disintegrin and metalloproteinase domain-containing protein 17 homolog  [Source:UniProtKB/Swiss-Prot;Acc:Q94316]"
"8","ADAM23","ENSG00000114948","8.1.1","N/A","N/A","N/A"
"9","ADAM28","ENSG00000042980","9.1.1","N/A","N/A","N/A"
"10","ADAM2","ENSG00000104755","10.1.1","N/A","N/A","N/A"
"11","ADAM9","ENSG00000168615","11.1.1","N/A","N/A","N/A"
"12","ADCYAP1","ENSG00000141433","12.1.1","N/A","N/A","N/A"
"13","ADIPOQ","ENSG00000181092","13.1.1","N/A","N/A","N/A"
"14","ADM2","ENSG00000128165","14.1.1","N/A","N/A","N/A"
"15","ADM","ENSG00000148926","15.1.1","N/A","N/A","N/A"
"16","AGRN","ENSG00000188157","16.1.1","N/A","N/A","N/A"
"17","AGRP","ENSG00000159723","17.1.1","N/A","N/A","N/A"
"18","AGT","ENSG00000135744","18.1.1","N/A","N/A","N/A"
"19","AHSG","ENSG00000145192","19.1.1","N/A","N/A","N/A"
"20","ALB","ENSG00000163631","20.1.1","N/A","N/A","N/A"
"21","ALOX5AP","ENSG00000132965","21.1.1","N/A","N/A","N/A"
"22","AMELX","ENSG00000125363","22.1.1","N/A","N/A","N/A"
"23","AMELY","ENSG00000099721","23.1.1","N/A","N/A","N/A"
"24","AMH","ENSG00000104899","24.1.1","N/A","N/A","N/A"
"25","ANGPT1","ENSG00000154188","25.1.1","N/A","N/A","N/A"
"26","ANGPT2","ENSG00000091879","26.1.1","N/A","N/A","N/A"
"27","ANGPT4","ENSG00000101280","27.1.1","N/A","N/A","N/A"
"28","ANGPTL1","ENSG00000116194","28.1.1","N/A","N/A","N/A"
"29","ANGPTL2","ENSG00000136859","29.1.1","N/A","N/A","N/A"
"30","ANGPTL3","ENSG00000132855","30.1.1","N/A","N/A","N/A"
"31","ANGPTL4","ENSG00000167772","31.1.1","N/A","N/A","N/A"
"32","ANXA1","ENSG00000135046","32.1.1","N/A","N/A","N/A"
"33","APLN","ENSG00000171388","33.1.1","N/A","N/A","N/A"
"34","APOB","ENSG00000084674","34.1.1","N/A","N/A","N/A"
"35","APOC3","ENSG00000110245","35.1.1","N/A","N/A","N/A"
"36","APOD","ENSG00000189058","36.1.1","N/A","N/A","N/A"
"37","APOE","ENSG00000130203","37.1.1","N/A","N/A","N/A"
"38","APP","ENSG00000142192","38.1.1","apl-1","WBGene00000149","Amyloid-beta-like protein  [Source:UniProtKB/Swiss-Prot;Acc:Q10651]"
"39","AREGB","N/A","39.1.1","N/A","N/A","N/A"
"40","AREG","ENSG00000109321","40.1.1","N/A","N/A","N/A"
"41","ARF1","ENSG00000143761","41.1.1","arf-1.2","WBGene00000182","ADP-ribosylation factor 1-like 2  [Source:UniProtKB/Swiss-Prot;Acc:Q10943]"
"42","ARTN","ENSG00000117407","42.1.1","N/A","N/A","N/A"
"43","ASIP","ENSG00000101440","43.1.1","N/A","N/A","N/A"
"44","AVP","ENSG00000101200","44.1.1","N/A","N/A","N/A"
"45","AZGP1","ENSG00000160862","45.1.1","N/A","N/A","N/A"
"46","B2M","ENSG00000166710","46.1.1","N/A","N/A","N/A"
"47","BCAN","ENSG00000132692","47.1.1","N/A","N/A","N/A"
"48","BDNF","ENSG00000176697","48.1.1","N/A","N/A","N/A"
"49","BGN","ENSG00000182492","49.1.1","N/A","N/A","N/A"
"50","BMP10","ENSG00000163217","50.1.1","N/A","N/A","N/A"
"51","BMP15","ENSG00000130385","51.1.1","N/A","N/A","N/A"
"52","BMP2","ENSG00000125845","52.1.1","N/A","N/A","N/A"
"53","BMP3","ENSG00000152785","53.1.1","N/A","N/A","N/A"
"54","BMP4","ENSG00000125378","54.1.1","N/A","N/A","N/A"
"55","BMP5","ENSG00000112175","55.1.1","N/A","N/A","N/A"
"56","BMP6","ENSG00000153162","56.1.1","N/A","N/A","N/A"
"57","BMP7","ENSG00000101144","57.1.1","N/A","N/A","N/A"
"58","BMP8B","ENSG00000116985","58.1.1","N/A","N/A","N/A"
"59","BST1","ENSG00000109743","59.1.1","N/A","N/A","N/A"
"60","BTC","ENSG00000174808","60.1.1","N/A","N/A","N/A"
"61","BTLA","ENSG00000186265","61.1.1","N/A","N/A","N/A"
"62","C1QA","ENSG00000173372","62.1.1","N/A","N/A","N/A"
"63","C1QB","ENSG00000173369","63.1.1","N/A","N/A","N/A"
"64","C1QTNF1","ENSG00000173918","64.1.1","N/A","N/A","N/A"
"65","C1QTNF5","ENSG00000223953","65.1.1","N/A","N/A","N/A"
"66","C1ORF112","ENSG00000000460","66.1.1","N/A","N/A","N/A"
"67","C1ORF194","ENSG00000179902","67.1.1","N/A","N/A","N/A"
"68","C1ORF200","N/A","68.1.1","N/A","N/A","N/A"
"69","C3","ENSG00000125730","69.1.1","tep-1","WBGene00013969","TEP (ThiolEster containing Protein)  [Source:UniProtKB/TrEMBL;Acc:Q7JKM0]"
"70","C4A","ENSG00000244731","70.1.1","tep-1","WBGene00013969","TEP (ThiolEster containing Protein)  [Source:UniProtKB/TrEMBL;Acc:Q7JKM0]"
"71","C4BPA","ENSG00000123838","71.1.1","N/A","N/A","N/A"
"72","C4B","ENSG00000224389","72.1.1","tep-1","WBGene00013969","TEP (ThiolEster containing Protein)  [Source:UniProtKB/TrEMBL;Acc:Q7JKM0]"
"73","C5","ENSG00000106804","73.1.1","tep-1","WBGene00013969","TEP (ThiolEster containing Protein)  [Source:UniProtKB/TrEMBL;Acc:Q7JKM0]"
"74","C5ORF55","N/A","74.1.1","N/A","N/A","N/A"
"75","C6ORF15","ENSG00000204542","75.1.1","N/A","N/A","N/A"
"76","CALCA","ENSG00000110680","76.1.1","N/A","N/A","N/A"
"77","CALCB","ENSG00000175868","77.1.1","N/A","N/A","N/A"
"78","CALM1","ENSG00000143933","78.1.1","N/A","N/A","N/A"
"78","CALM1","ENSG00000160014","78.2.1","N/A","N/A","N/A"
"78","CALM1","ENSG00000198668","78.3.1","N/A","N/A","N/A"
"79","CALM2","ENSG00000143933","79.1.1","N/A","N/A","N/A"
"79","CALM2","ENSG00000160014","79.2.1","N/A","N/A","N/A"
"79","CALM2","ENSG00000198668","79.3.1","N/A","N/A","N/A"
"80","CALM3","ENSG00000143933","80.1.1","N/A","N/A","N/A"
"80","CALM3","ENSG00000160014","80.2.1","N/A","N/A","N/A"
"80","CALM3","ENSG00000198668","80.3.1","N/A","N/A","N/A"
"81","CALR","ENSG00000179218","81.1.1","crt-1","WBGene00000802","Calreticulin  [Source:UniProtKB/Swiss-Prot;Acc:P27798]"
"82","CAMP","ENSG00000164047","82.1.1","N/A","N/A","N/A"
"83","CCK","ENSG00000187094","83.1.1","N/A","N/A","N/A"
"84","CCL11","ENSG00000172156","84.1.1","N/A","N/A","N/A"
"85","CCL13","ENSG00000181374","85.1.1","N/A","N/A","N/A"
"86","CCL14","ENSG00000276409","86.1.1","N/A","N/A","N/A"
"87","CCL15","ENSG00000275718","87.1.1","N/A","N/A","N/A"
"88","CCL16","ENSG00000275152","88.1.1","N/A","N/A","N/A"
"89","CCL17","ENSG00000102970","89.1.1","N/A","N/A","N/A"
"90","CCL18","ENSG00000275385","90.1.1","N/A","N/A","N/A"
"91","CCL19","ENSG00000172724","91.1.1","N/A","N/A","N/A"
"92","CCL1","ENSG00000108702","92.1.1","N/A","N/A","N/A"
"93","CCL20","ENSG00000115009","93.1.1","N/A","N/A","N/A"
"94","CCL21","ENSG00000137077","94.1.1","N/A","N/A","N/A"
"95","CCL22","ENSG00000102962","95.1.1","N/A","N/A","N/A"
"96","CCL23","ENSG00000274736","96.1.1","N/A","N/A","N/A"
"97","CCL24","ENSG00000106178","97.1.1","N/A","N/A","N/A"
"98","CCL25","ENSG00000131142","98.1.1","N/A","N/A","N/A"
"99","CCL26","ENSG00000006606","99.1.1","N/A","N/A","N/A"
"100","CCL27","ENSG00000213927","100.1.1","N/A","N/A","N/A"
"101","CCL28","ENSG00000151882","101.1.1","N/A","N/A","N/A"
"102","CCL2","ENSG00000108691","102.1.1","N/A","N/A","N/A"
"103","CCL3L1","ENSG00000276085","103.1.1","N/A","N/A","N/A"
"104","CCL3L3","ENSG00000276085","104.1.1","N/A","N/A","N/A"
"105","CCL3","ENSG00000277632","105.1.1","N/A","N/A","N/A"
"106","CCL4","ENSG00000275302","106.1.1","N/A","N/A","N/A"
"107","CCL5","ENSG00000271503","107.1.1","N/A","N/A","N/A"
"108","CCL7","ENSG00000108688","108.1.1","N/A","N/A","N/A"
"109","CCL8","ENSG00000108700","109.1.1","N/A","N/A","N/A"
"110","CD14","ENSG00000170458","110.1.1","N/A","N/A","N/A"
"111","CD24","ENSG00000272398","111.1.1","N/A","N/A","N/A"
"112","CD34","ENSG00000174059","112.1.1","N/A","N/A","N/A"
"113","CD40LG","ENSG00000102245","113.1.1","N/A","N/A","N/A"
"114","CD55","ENSG00000196352","114.1.1","N/A","N/A","N/A"
"115","CD5L","ENSG00000073754","115.1.1","N/A","N/A","N/A"
"116","CD70","ENSG00000125726","116.1.1","N/A","N/A","N/A"
"117","CDH1","ENSG00000039068","117.1.1","N/A","N/A","N/A"
"118","CELA3B","ENSG00000219073","118.1.1","N/A","N/A","N/A"
"119","CEL","ENSG00000170835","119.1.1","ace-3","WBGene00000037","Carboxylic ester hydrolase  [Source:UniProtKB/TrEMBL;Acc:Q9U295]"
"119","CEL","ENSG00000170835","119.1.2","ace-4","WBGene00000038","Carboxylic ester hydrolase  [Source:UniProtKB/TrEMBL;Acc:G5EDN1]"
"119","CEL","ENSG00000170835","119.1.3","C23H4.2","WBGene00007691","Carboxylic ester hydrolase  [Source:UniProtKB/TrEMBL;Acc:Q93251]"
"119","CEL","ENSG00000170835","119.1.4","C23H4.3","WBGene00007692",""
"119","CEL","ENSG00000170835","119.1.5","C23H4.4","WBGene00007693","Carboxylic ester hydrolase  [Source:UniProtKB/TrEMBL;Acc:B6VQ83]"
"119","CEL","ENSG00000170835","119.1.6","C23H4.7","WBGene00007695","Carboxylic ester hydrolase  [Source:UniProtKB/TrEMBL;Acc:Q8MQC8]"
"119","CEL","ENSG00000170835","119.1.7","E01G6.3","WBGene00008451","Carboxylic ester hydrolase  [Source:UniProtKB/TrEMBL;Acc:G5EC03]"
"119","CEL","ENSG00000170835","119.1.8","cest-1","WBGene00011362","Carboxylic ester hydrolase  [Source:UniProtKB/TrEMBL;Acc:O01302]"
"119","CEL","ENSG00000170835","119.1.9","T02B5.3","WBGene00011364","Carboxylic ester hydrolase  [Source:UniProtKB/TrEMBL;Acc:P92016]"
"119","CEL","ENSG00000170835","119.1.10","ZC376.1","WBGene00013873",""
"119","CEL","ENSG00000170835","119.1.11","ZC376.2","WBGene00013874",""
"119","CEL","ENSG00000170835","119.1.12","ZC376.3","WBGene00013875",""
"119","CEL","ENSG00000170835","119.1.13","B0238.1","WBGene00015067","Carboxylic ester hydrolase  [Source:UniProtKB/TrEMBL;Acc:O16497]"
"119","CEL","ENSG00000170835","119.1.14","B0238.7","WBGene00015071","Carboxylic ester hydrolase  [Source:UniProtKB/TrEMBL;Acc:O16490]"
"119","CEL","ENSG00000170835","119.1.15","C01B10.4","WBGene00015279",""
"119","CEL","ENSG00000170835","119.1.16","C01B10.10","WBGene00015284",""
"119","CEL","ENSG00000170835","119.1.17","C42D4.2","WBGene00016595",""
"119","CEL","ENSG00000170835","119.1.18","C52A10.1","WBGene00016862","Carboxylic ester hydrolase  [Source:UniProtKB/TrEMBL;Acc:Q95YC4]"
"119","CEL","ENSG00000170835","119.1.19","C52A10.2","WBGene00016863","Carboxylic ester hydrolase  [Source:UniProtKB/TrEMBL;Acc:Q95YC3]"
"119","CEL","ENSG00000170835","119.1.20","F56C11.6","WBGene00018958","Carboxylic ester hydrolase  [Source:UniProtKB/TrEMBL;Acc:H2L069]"
"119","CEL","ENSG00000170835","119.1.21","T22D1.11","WBGene00020688",""
"120","CFH","ENSG00000000971","120.1.1","N/A","N/A","N/A"
"121","CGA","ENSG00000135346","121.1.1","N/A","N/A","N/A"
"122","CGB8","ENSG00000213030","122.1.1","N/A","N/A","N/A"
"123","CGB","N/A","123.1.1","N/A","N/A","N/A"
"124","CGN","ENSG00000143375","124.1.1","N/A","N/A","N/A"
"125","CHAD","ENSG00000136457","125.1.1","N/A","N/A","N/A"
"126","CLCF1","ENSG00000175505","126.1.1","N/A","N/A","N/A"
"127","CLEC11A","ENSG00000105472","127.1.1","N/A","N/A","N/A"
"128","CLEC3A","ENSG00000166509","128.1.1","N/A","N/A","N/A"
"129","CNTF","ENSG00000242689","129.1.1","N/A","N/A","N/A"
"130","CNTN2","ENSG00000184144","130.1.1","N/A","N/A","N/A"
"131","CNTN4","ENSG00000144619","131.1.1","N/A","N/A","N/A"
"132","COL11A1","ENSG00000060718","132.1.1","N/A","N/A","N/A"
"133","COL14A1","ENSG00000187955","133.1.1","N/A","N/A","N/A"
"134","COL18A1","ENSG00000182871","134.1.1","N/A","N/A","N/A"
"135","COL1A1","ENSG00000108821","135.1.1","N/A","N/A","N/A"
"136","COL1A2","ENSG00000164692","136.1.1","N/A","N/A","N/A"
"137","COL2A1","ENSG00000139219","137.1.1","N/A","N/A","N/A"
"138","COL3A1","ENSG00000168542","138.1.1","N/A","N/A","N/A"
"139","COL4A1","ENSG00000187498","139.1.1","N/A","N/A","N/A"
"140","COL4A2","ENSG00000134871","140.1.1","N/A","N/A","N/A"
"141","COL4A3","ENSG00000169031","141.1.1","N/A","N/A","N/A"
"142","COL4A4","ENSG00000081052","142.1.1","emb-9","WBGene00001263","Collagen alpha-1(IV) chain  [Source:UniProtKB/Swiss-Prot;Acc:P17139]"
"143","COL4A5","ENSG00000188153","143.1.1","N/A","N/A","N/A"
"144","COL4A6","ENSG00000197565","144.1.1","emb-9","WBGene00001263","Collagen alpha-1(IV) chain  [Source:UniProtKB/Swiss-Prot;Acc:P17139]"
"145","COL5A1","ENSG00000130635","145.1.1","N/A","N/A","N/A"
"146","COL5A2","ENSG00000204262","146.1.1","N/A","N/A","N/A"
"147","COL5A3","ENSG00000080573","147.1.1","N/A","N/A","N/A"
"148","COL6A1","ENSG00000142156","148.1.1","N/A","N/A","N/A"
"149","COL6A2","ENSG00000142173","149.1.1","N/A","N/A","N/A"
"150","COL6A3","ENSG00000163359","150.1.1","N/A","N/A","N/A"
"151","COL7A1","ENSG00000114270","151.1.1","N/A","N/A","N/A"
"152","COL8A1","ENSG00000144810","152.1.1","N/A","N/A","N/A"
"153","COL9A1","ENSG00000112280","153.1.1","N/A","N/A","N/A"
"154","COL9A2","ENSG00000049089","154.1.1","N/A","N/A","N/A"
"155","COL9A3","ENSG00000092758","155.1.1","N/A","N/A","N/A"
"156","COLQ","ENSG00000206561","156.1.1","N/A","N/A","N/A"
"157","CORT","ENSG00000241563","157.1.1","N/A","N/A","N/A"
"158","CPAMD8","ENSG00000160111","158.1.1","N/A","N/A","N/A"
"159","CP","ENSG00000047457","159.1.1","N/A","N/A","N/A"
"160","CRH","ENSG00000147571","160.1.1","N/A","N/A","N/A"
"161","CRP","ENSG00000132693","161.1.1","N/A","N/A","N/A"
"162","CSF1","ENSG00000184371","162.1.1","N/A","N/A","N/A"
"163","CSF2","ENSG00000164400","163.1.1","N/A","N/A","N/A"
"164","CSF3","ENSG00000108342","164.1.1","N/A","N/A","N/A"
"165","CSH1","ENSG00000136488","165.1.1","N/A","N/A","N/A"
"165","CSH1","ENSG00000213218","165.2.1","N/A","N/A","N/A"
"166","CSH2","ENSG00000213218","166.1.1","N/A","N/A","N/A"
"167","CSHL1","ENSG00000204414","167.1.1","N/A","N/A","N/A"
"168","CTF1","ENSG00000150281","168.1.1","N/A","N/A","N/A"
"169","CTGF","N/A","169.1.1","N/A","N/A","N/A"
"170","CTHRC1","ENSG00000164932","170.1.1","col-10","WBGene00000599","Cuticle collagen 10  [Source:UniProtKB/Swiss-Prot;Acc:Q17460]"
"170","CTHRC1","ENSG00000164932","170.1.2","col-35","WBGene00000612","COLlagen  [Source:UniProtKB/TrEMBL;Acc:Q93208]"
"170","CTHRC1","ENSG00000164932","170.1.3","col-47","WBGene00000624","COLlagen  [Source:UniProtKB/TrEMBL;Acc:V6CLD0]"
"170","CTHRC1","ENSG00000164932","170.1.4","col-50","WBGene00000627","COLlagen  [Source:UniProtKB/TrEMBL;Acc:O01662]"
"170","CTHRC1","ENSG00000164932","170.1.5","col-86","WBGene00000661","COLlagen  [Source:UniProtKB/TrEMBL;Acc:Q9XVY1]"
"170","CTHRC1","ENSG00000164932","170.1.6","col-126","WBGene00000700","COLlagen  [Source:UniProtKB/TrEMBL;Acc:G5EFU8]"
"170","CTHRC1","ENSG00000164932","170.1.7","col-127","WBGene00000701","COLlagen  [Source:UniProtKB/TrEMBL;Acc:G5EFU8]"
"170","CTHRC1","ENSG00000164932","170.1.8","col-144","WBGene00000717","COLlagen  [Source:UniProtKB/TrEMBL;Acc:Q17458]"
"170","CTHRC1","ENSG00000164932","170.1.9","col-145","WBGene00000718","Putative cuticle collagen 145  [Source:UniProtKB/Swiss-Prot;Acc:Q17459]"
"170","CTHRC1","ENSG00000164932","170.1.10","col-148","WBGene00000721","COLlagen  [Source:UniProtKB/TrEMBL;Acc:Q17939]"
"170","CTHRC1","ENSG00000164932","170.1.11","col-184","WBGene00000757","COLlagen  [Source:UniProtKB/TrEMBL;Acc:Q19470]"
"170","CTHRC1","ENSG00000164932","170.1.12","col-187","WBGene00000760","COLlagen  [Source:UniProtKB/TrEMBL;Acc:Q18327]"
"171","CUBN","ENSG00000107611","171.1.1","N/A","N/A","N/A"
"172","CX3CL1","ENSG00000006210","172.1.1","N/A","N/A","N/A"
"173","CXCL10","ENSG00000169245","173.1.1","N/A","N/A","N/A"
"174","CXCL11","ENSG00000169248","174.1.1","N/A","N/A","N/A"
"175","CXCL12","ENSG00000107562","175.1.1","N/A","N/A","N/A"
"176","CXCL13","ENSG00000156234","176.1.1","N/A","N/A","N/A"
"177","CXCL16","ENSG00000161921","177.1.1","N/A","N/A","N/A"
"178","CXCL1","ENSG00000163739","178.1.1","N/A","N/A","N/A"
"179","CXCL2","ENSG00000081041","179.1.1","N/A","N/A","N/A"
"180","CXCL3","ENSG00000163734","180.1.1","N/A","N/A","N/A"
"181","CXCL5","ENSG00000163735","181.1.1","N/A","N/A","N/A"
"182","CXCL6","ENSG00000124875","182.1.1","N/A","N/A","N/A"
"183","CXCL9","ENSG00000138755","183.1.1","N/A","N/A","N/A"
"184","CYR61","ENSG00000142871","184.1.1","N/A","N/A","N/A"
"185","DCN","ENSG00000011465","185.1.1","N/A","N/A","N/A"
"186","DEFB103A","ENSG00000176797","186.1.1","N/A","N/A","N/A"
"186","DEFB103A","ENSG00000177243","186.2.1","N/A","N/A","N/A"
"187","DEFB103B","ENSG00000176797","187.1.1","N/A","N/A","N/A"
"187","DEFB103B","ENSG00000177243","187.2.1","N/A","N/A","N/A"
"188","DEFB1","ENSG00000164825","188.1.1","N/A","N/A","N/A"
"189","DEFB4A","ENSG00000171711","189.1.1","N/A","N/A","N/A"
"189","DEFB4A","ENSG00000177257","189.2.1","N/A","N/A","N/A"
"190","DEFB4B","ENSG00000171711","190.1.1","N/A","N/A","N/A"
"190","DEFB4B","ENSG00000177257","190.2.1","N/A","N/A","N/A"
"191","DHH","ENSG00000139549","191.1.1","grd-1","WBGene00001690","GRounDhog (Hedgehog-like family)  [Source:UniProtKB/TrEMBL;Acc:Q7YXC8]"
"191","DHH","ENSG00000139549","191.1.2","grd-2","WBGene00001691","GRounDhog (Hedgehog-like family)  [Source:UniProtKB/TrEMBL;Acc:Q9XV14]"
"191","DHH","ENSG00000139549","191.1.3","grd-3","WBGene00001692","GRounDhog (Hedgehog-like family)  [Source:UniProtKB/TrEMBL;Acc:Q9TYW7]"
"191","DHH","ENSG00000139549","191.1.4","grd-4","WBGene00001693","GRounDhog (Hedgehog-like family)  [Source:UniProtKB/TrEMBL;Acc:O02154]"
"191","DHH","ENSG00000139549","191.1.5","grd-5","WBGene00001694","GRounDhog (Hedgehog-like family)  [Source:UniProtKB/TrEMBL;Acc:O16462]"
"191","DHH","ENSG00000139549","191.1.6","grd-6","WBGene00001695","GRounDhog (Hedgehog-like family)  [Source:UniProtKB/TrEMBL;Acc:Q22551]"
"191","DHH","ENSG00000139549","191.1.7","grd-7","WBGene00001696","GRounDhog (Hedgehog-like family)  [Source:UniProtKB/TrEMBL;Acc:Q3Y407]"
"191","DHH","ENSG00000139549","191.1.8","grd-8","WBGene00001697","GRounDhog (Hedgehog-like family)  [Source:UniProtKB/TrEMBL;Acc:Q22914]"
"191","DHH","ENSG00000139549","191.1.9","grd-9","WBGene00001698","GRounDhog (Hedgehog-like family)  [Source:UniProtKB/TrEMBL;Acc:O01465]"
"191","DHH","ENSG00000139549","191.1.10","grd-10","WBGene00001699","GRounDhog (Hedgehog-like family)  [Source:UniProtKB/TrEMBL;Acc:O44471]"
"191","DHH","ENSG00000139549","191.1.11","grd-11","WBGene00001700","GRounDhog (Hedgehog-like family)  [Source:UniProtKB/TrEMBL;Acc:Q9XUV2]"
"191","DHH","ENSG00000139549","191.1.12","grd-13","WBGene00001702","GRounDhog (Hedgehog-like family)  [Source:UniProtKB/TrEMBL;Acc:Q7Z2A9]"
"191","DHH","ENSG00000139549","191.1.13","grd-14","WBGene00001703","GRounDhog (Hedgehog-like family)  [Source:UniProtKB/TrEMBL;Acc:O02153]"
"191","DHH","ENSG00000139549","191.1.14","wrt-3","WBGene00006949","Warthog protein 3  [Source:UniProtKB/Swiss-Prot;Acc:Q20170]"
"191","DHH","ENSG00000139549","191.1.15","wrt-4","WBGene00006950","Warthog protein 4 Warthog protein 4 N-product Warthog protein 4 C-product [Source:UniProtKB/Swiss-Prot;Acc:Q94129]"
"191","DHH","ENSG00000139549","191.1.16","wrt-5","WBGene00006951","Warthog protein 5  [Source:UniProtKB/Swiss-Prot;Acc:Q9U7D3]"
"191","DHH","ENSG00000139549","191.1.17","wrt-6","WBGene00006952","Warthog protein 6 Warthog protein 6 N-product Warthog protein 6 C-product [Source:UniProtKB/Swiss-Prot;Acc:P91573]"
"191","DHH","ENSG00000139549","191.1.18","wrt-7","WBGene00006953","WaRThog (Hedgehog-like family)  [Source:UniProtKB/TrEMBL;Acc:O45992]"
"191","DHH","ENSG00000139549","191.1.19","wrt-8","WBGene00006954","Warthog protein 8 Warthog protein 8 N-product Warthog protein 8 C-product [Source:UniProtKB/Swiss-Prot;Acc:Q94130]"
"192","DKK1","ENSG00000107984","192.1.1","N/A","N/A","N/A"
"193","DKK2","ENSG00000155011","193.1.1","N/A","N/A","N/A"
"194","DLK1","ENSG00000185559","194.1.1","N/A","N/A","N/A"
"195","DLK2","ENSG00000171462","195.1.1","apx-1","WBGene00000168","Anterior pharynx in excess protein 1  [Source:UniProtKB/Swiss-Prot;Acc:P41990]"
"195","DLK2","ENSG00000171462","195.1.2","T25C12.3","WBGene00012018",""
"195","DLK2","ENSG00000171462","195.1.3","egas-3","WBGene00013480","EGF plus ASC domain ion channel  [Source:UniProtKB/TrEMBL;Acc:Q9XTS9]"
"195","DLK2","ENSG00000171462","195.1.4","egas-1","WBGene00013486","EGF plus ASC domain ion channel  [Source:UniProtKB/TrEMBL;Acc:Q9U1T9]"
"195","DLK2","ENSG00000171462","195.1.5","egas-2","WBGene00013487","EGF plus ASC domain ion channel  [Source:UniProtKB/TrEMBL;Acc:Q9U1T8]"
"195","DLK2","ENSG00000171462","195.1.6","egas-4","WBGene00018906","EGF plus ASC domain ion channel  [Source:UniProtKB/TrEMBL;Acc:Q20852]"
"195","DLK2","ENSG00000171462","195.1.7","R05G6.9","WBGene00019901",""
"195","DLK2","ENSG00000171462","195.1.8","ZK1193.2","WBGene00022858",""
"196","DLL1","ENSG00000198719","196.1.1","F25D7.5","WBGene00009114",""
"196","DLL1","ENSG00000198719","196.1.2","Y70G10A.2","WBGene00013498",""
"197","DLL3","ENSG00000090932","197.1.1","apx-1","WBGene00000168","Anterior pharynx in excess protein 1  [Source:UniProtKB/Swiss-Prot;Acc:P41990]"
"197","DLL3","ENSG00000090932","197.1.2","T25C12.3","WBGene00012018",""
"197","DLL3","ENSG00000090932","197.1.3","egas-3","WBGene00013480","EGF plus ASC domain ion channel  [Source:UniProtKB/TrEMBL;Acc:Q9XTS9]"
"197","DLL3","ENSG00000090932","197.1.4","egas-1","WBGene00013486","EGF plus ASC domain ion channel  [Source:UniProtKB/TrEMBL;Acc:Q9U1T9]"
"197","DLL3","ENSG00000090932","197.1.5","egas-2","WBGene00013487","EGF plus ASC domain ion channel  [Source:UniProtKB/TrEMBL;Acc:Q9U1T8]"
"197","DLL3","ENSG00000090932","197.1.6","egas-4","WBGene00018906","EGF plus ASC domain ion channel  [Source:UniProtKB/TrEMBL;Acc:Q20852]"
"197","DLL3","ENSG00000090932","197.1.7","R05G6.9","WBGene00019901",""
"197","DLL3","ENSG00000090932","197.1.8","ZK1193.2","WBGene00022858",""
"198","DLL4","ENSG00000128917","198.1.1","F25D7.5","WBGene00009114",""
"198","DLL4","ENSG00000128917","198.1.2","Y70G10A.2","WBGene00013498",""
"199","DSCAM","ENSG00000171587","199.1.1","N/A","N/A","N/A"
"200","DUSP18","ENSG00000167065","200.1.1","N/A","N/A","N/A"
"201","EBI3","ENSG00000105246","201.1.1","N/A","N/A","N/A"
"202","ECM1","ENSG00000143369","202.1.1","N/A","N/A","N/A"
"203","EDA","ENSG00000158813","203.1.1","N/A","N/A","N/A"
"204","EDIL3","ENSG00000164176","204.1.1","N/A","N/A","N/A"
"205","EDN1","ENSG00000078401","205.1.1","N/A","N/A","N/A"
"206","EDN2","ENSG00000127129","206.1.1","N/A","N/A","N/A"
"207","EDN3","ENSG00000124205","207.1.1","N/A","N/A","N/A"
"208","EFEMP1","ENSG00000115380","208.1.1","N/A","N/A","N/A"
"209","EFEMP2","ENSG00000172638","209.1.1","N/A","N/A","N/A"
"210","EFNA1","ENSG00000169242","210.1.1","efn-2","WBGene00001163","Eph(F)riN  [Source:UniProtKB/TrEMBL;Acc:Q9U3M2]"
"210","EFNA1","ENSG00000169242","210.1.2","efn-3","WBGene00001164","Eph(F)riN  [Source:UniProtKB/TrEMBL;Acc:Q19475]"
"210","EFNA1","ENSG00000169242","210.1.3","efn-4","WBGene00001165","Ephrin-4  [Source:UniProtKB/Swiss-Prot;Acc:O44516]"
"210","EFNA1","ENSG00000169242","210.1.4","vab-2","WBGene00006869","VAB-2  [Source:UniProtKB/TrEMBL;Acc:G5EEE7]"
"211","EFNA2","ENSG00000099617","211.1.1","efn-2","WBGene00001163","Eph(F)riN  [Source:UniProtKB/TrEMBL;Acc:Q9U3M2]"
"211","EFNA2","ENSG00000099617","211.1.2","efn-3","WBGene00001164","Eph(F)riN  [Source:UniProtKB/TrEMBL;Acc:Q19475]"
"211","EFNA2","ENSG00000099617","211.1.3","efn-4","WBGene00001165","Ephrin-4  [Source:UniProtKB/Swiss-Prot;Acc:O44516]"
"211","EFNA2","ENSG00000099617","211.1.4","vab-2","WBGene00006869","VAB-2  [Source:UniProtKB/TrEMBL;Acc:G5EEE7]"
"212","EFNA3","ENSG00000143590","212.1.1","efn-2","WBGene00001163","Eph(F)riN  [Source:UniProtKB/TrEMBL;Acc:Q9U3M2]"
"212","EFNA3","ENSG00000143590","212.1.2","efn-3","WBGene00001164","Eph(F)riN  [Source:UniProtKB/TrEMBL;Acc:Q19475]"
"212","EFNA3","ENSG00000143590","212.1.3","efn-4","WBGene00001165","Ephrin-4  [Source:UniProtKB/Swiss-Prot;Acc:O44516]"
"212","EFNA3","ENSG00000143590","212.1.4","vab-2","WBGene00006869","VAB-2  [Source:UniProtKB/TrEMBL;Acc:G5EEE7]"
"213","EFNA4","ENSG00000243364","213.1.1","efn-2","WBGene00001163","Eph(F)riN  [Source:UniProtKB/TrEMBL;Acc:Q9U3M2]"
"213","EFNA4","ENSG00000243364","213.1.2","efn-3","WBGene00001164","Eph(F)riN  [Source:UniProtKB/TrEMBL;Acc:Q19475]"
"213","EFNA4","ENSG00000243364","213.1.3","efn-4","WBGene00001165","Ephrin-4  [Source:UniProtKB/Swiss-Prot;Acc:O44516]"
"213","EFNA4","ENSG00000243364","213.1.4","vab-2","WBGene00006869","VAB-2  [Source:UniProtKB/TrEMBL;Acc:G5EEE7]"
"214","EFNA5","ENSG00000184349","214.1.1","efn-2","WBGene00001163","Eph(F)riN  [Source:UniProtKB/TrEMBL;Acc:Q9U3M2]"
"214","EFNA5","ENSG00000184349","214.1.2","efn-3","WBGene00001164","Eph(F)riN  [Source:UniProtKB/TrEMBL;Acc:Q19475]"
"214","EFNA5","ENSG00000184349","214.1.3","efn-4","WBGene00001165","Ephrin-4  [Source:UniProtKB/Swiss-Prot;Acc:O44516]"
"214","EFNA5","ENSG00000184349","214.1.4","vab-2","WBGene00006869","VAB-2  [Source:UniProtKB/TrEMBL;Acc:G5EEE7]"
"215","EFNB1","ENSG00000090776","215.1.1","efn-2","WBGene00001163","Eph(F)riN  [Source:UniProtKB/TrEMBL;Acc:Q9U3M2]"
"215","EFNB1","ENSG00000090776","215.1.2","efn-3","WBGene00001164","Eph(F)riN  [Source:UniProtKB/TrEMBL;Acc:Q19475]"
"215","EFNB1","ENSG00000090776","215.1.3","efn-4","WBGene00001165","Ephrin-4  [Source:UniProtKB/Swiss-Prot;Acc:O44516]"
"215","EFNB1","ENSG00000090776","215.1.4","vab-2","WBGene00006869","VAB-2  [Source:UniProtKB/TrEMBL;Acc:G5EEE7]"
"216","EFNB2","ENSG00000125266","216.1.1","efn-2","WBGene00001163","Eph(F)riN  [Source:UniProtKB/TrEMBL;Acc:Q9U3M2]"
"216","EFNB2","ENSG00000125266","216.1.2","efn-3","WBGene00001164","Eph(F)riN  [Source:UniProtKB/TrEMBL;Acc:Q19475]"
"216","EFNB2","ENSG00000125266","216.1.3","efn-4","WBGene00001165","Ephrin-4  [Source:UniProtKB/Swiss-Prot;Acc:O44516]"
"216","EFNB2","ENSG00000125266","216.1.4","vab-2","WBGene00006869","VAB-2  [Source:UniProtKB/TrEMBL;Acc:G5EEE7]"
"217","EFNB3","ENSG00000108947","217.1.1","efn-2","WBGene00001163","Eph(F)riN  [Source:UniProtKB/TrEMBL;Acc:Q9U3M2]"
"217","EFNB3","ENSG00000108947","217.1.2","efn-3","WBGene00001164","Eph(F)riN  [Source:UniProtKB/TrEMBL;Acc:Q19475]"
"217","EFNB3","ENSG00000108947","217.1.3","efn-4","WBGene00001165","Ephrin-4  [Source:UniProtKB/Swiss-Prot;Acc:O44516]"
"217","EFNB3","ENSG00000108947","217.1.4","vab-2","WBGene00006869","VAB-2  [Source:UniProtKB/TrEMBL;Acc:G5EEE7]"
"218","EGFL8","ENSG00000241404","218.1.1","N/A","N/A","N/A"
"219","EGF","ENSG00000138798","219.1.1","rme-2","WBGene00004374","Receptor Mediated Endocytosis  [Source:UniProtKB/TrEMBL;Acc:O44191]"
"220","EPGN","ENSG00000182585","220.1.1","N/A","N/A","N/A"
"221","EPO","ENSG00000130427","221.1.1","N/A","N/A","N/A"
"222","EREG","ENSG00000124882","222.1.1","N/A","N/A","N/A"
"223","F10","ENSG00000126218","223.1.1","N/A","N/A","N/A"
"224","F11","ENSG00000088926","224.1.1","N/A","N/A","N/A"
"225","F12","ENSG00000131187","225.1.1","N/A","N/A","N/A"
"226","F13A1","ENSG00000124491","226.1.1","N/A","N/A","N/A"
"227","F2","ENSG00000180210","227.1.1","N/A","N/A","N/A"
"228","F7","ENSG00000057593","228.1.1","N/A","N/A","N/A"
"229","F8","ENSG00000185010","229.1.1","N/A","N/A","N/A"
"230","F9","ENSG00000101981","230.1.1","N/A","N/A","N/A"
"231","FARP2","ENSG00000006607","231.1.1","exc-5","WBGene00001366","Putative GDP-GTP exchange factor; Rho guanine nucleotide exchange factor FGD-1  [Source:UniProtKB/TrEMBL;Acc:G5ECM5]"
"231","FARP2","ENSG00000006607","231.1.2","frm-3","WBGene00001490","FERM domain (Protein4.1-ezrin-radixin-moesin) family  [Source:UniProtKB/TrEMBL;Acc:G5EDC0]"
"232","FASLG","ENSG00000117560","232.1.1","N/A","N/A","N/A"
"233","FAT4","ENSG00000196159","233.1.1","N/A","N/A","N/A"
"234","FBLN1","ENSG00000077942","234.1.1","fbl-1","WBGene00001403","Fibulin-1  [Source:UniProtKB/Swiss-Prot;Acc:O77469]"
"235","FBLN2","ENSG00000163520","235.1.1","N/A","N/A","N/A"
"236","FBN1","ENSG00000166147","236.1.1","N/A","N/A","N/A"
"237","FCN2","ENSG00000160339","237.1.1","N/A","N/A","N/A"
"238","FGA","ENSG00000171560","238.1.1","N/A","N/A","N/A"
"239","FGB","ENSG00000171564","239.1.1","N/A","N/A","N/A"
"240","FGF10","ENSG00000070193","240.1.1","N/A","N/A","N/A"
"241","FGF11","ENSG00000161958","241.1.1","N/A","N/A","N/A"
"242","FGF12","ENSG00000114279","242.1.1","N/A","N/A","N/A"
"243","FGF13","ENSG00000129682","243.1.1","N/A","N/A","N/A"
"244","FGF14","ENSG00000102466","244.1.1","N/A","N/A","N/A"
"245","FGF16","ENSG00000196468","245.1.1","N/A","N/A","N/A"
"246","FGF17","ENSG00000158815","246.1.1","N/A","N/A","N/A"
"247","FGF18","ENSG00000156427","247.1.1","N/A","N/A","N/A"
"248","FGF19","ENSG00000162344","248.1.1","N/A","N/A","N/A"
"249","FGF1","ENSG00000113578","249.1.1","N/A","N/A","N/A"
"250","FGF20","ENSG00000078579","250.1.1","N/A","N/A","N/A"
"251","FGF21","ENSG00000105550","251.1.1","N/A","N/A","N/A"
"252","FGF22","ENSG00000070388","252.1.1","N/A","N/A","N/A"
"253","FGF23","ENSG00000118972","253.1.1","N/A","N/A","N/A"
"254","FGF2","ENSG00000138685","254.1.1","N/A","N/A","N/A"
"255","FGF3","ENSG00000186895","255.1.1","N/A","N/A","N/A"
"256","FGF4","ENSG00000075388","256.1.1","N/A","N/A","N/A"
"257","FGF5","ENSG00000138675","257.1.1","N/A","N/A","N/A"
"258","FGF6","ENSG00000111241","258.1.1","N/A","N/A","N/A"
"259","FGF7","ENSG00000140285","259.1.1","N/A","N/A","N/A"
"260","FGF8","ENSG00000107831","260.1.1","N/A","N/A","N/A"
"261","FGF9","ENSG00000102678","261.1.1","N/A","N/A","N/A"
"262","FGG","ENSG00000171557","262.1.1","N/A","N/A","N/A"
"263","FGL1","ENSG00000104760","263.1.1","N/A","N/A","N/A"
"264","FIGF","N/A","264.1.1","N/A","N/A","N/A"
"265","FLT3LG","ENSG00000090554","265.1.1","N/A","N/A","N/A"
"266","FN1","ENSG00000115414","266.1.1","let-805","WBGene00002915","Myotactin form A  [Source:UniProtKB/TrEMBL;Acc:Q9UB29]"
"267","FSHB","ENSG00000131808","267.1.1","N/A","N/A","N/A"
"268","FST","ENSG00000134363","268.1.1","N/A","N/A","N/A"
"269","GAD1","ENSG00000128683","269.1.1","tdc-1","WBGene00006562","Tyrosine decarboxylase  [Source:UniProtKB/Swiss-Prot;Acc:Q95ZS2]"
"269","GAD1","ENSG00000128683","269.1.2","unc-25","WBGene00006762","Glutamic acid decarboxylase  [Source:UniProtKB/TrEMBL;Acc:G5EDB7]"
"270","GALP","ENSG00000197487","270.1.1","N/A","N/A","N/A"
"271","GAL","ENSG00000069482","271.1.1","N/A","N/A","N/A"
"272","GAS6","ENSG00000183087","272.1.1","N/A","N/A","N/A"
"273","GAST","ENSG00000184502","273.1.1","N/A","N/A","N/A"
"274","GCG","ENSG00000115263","274.1.1","N/A","N/A","N/A"
"275","GDF10","ENSG00000266524","275.1.1","N/A","N/A","N/A"
"276","GDF11","ENSG00000135414","276.1.1","N/A","N/A","N/A"
"277","GDF2","ENSG00000263761","277.1.1","N/A","N/A","N/A"
"278","GDF5","ENSG00000125965","278.1.1","N/A","N/A","N/A"
"279","GDF6","ENSG00000156466","279.1.1","N/A","N/A","N/A"
"280","GDF7","ENSG00000143869","280.1.1","N/A","N/A","N/A"
"281","GDF9","ENSG00000164404","281.1.1","N/A","N/A","N/A"
"282","GDNF","ENSG00000168621","282.1.1","N/A","N/A","N/A"
"283","GH1","ENSG00000259384","283.1.1","N/A","N/A","N/A"
"284","GH2","ENSG00000136487","284.1.1","N/A","N/A","N/A"
"285","GHRH","ENSG00000118702","285.1.1","N/A","N/A","N/A"
"286","GHRL","ENSG00000157017","286.1.1","N/A","N/A","N/A"
"287","GIP","ENSG00000159224","287.1.1","N/A","N/A","N/A"
"288","GNAI2","ENSG00000114353","288.1.1","N/A","N/A","N/A"
"289","GNAS","ENSG00000087460","289.1.1","N/A","N/A","N/A"
"290","GNB3","ENSG00000111664","290.1.1","N/A","N/A","N/A"
"291","GNRH1","ENSG00000147437","291.1.1","N/A","N/A","N/A"
"292","GNRH2","ENSG00000125787","292.1.1","N/A","N/A","N/A"
"293","GPC3","ENSG00000147257","293.1.1","N/A","N/A","N/A"
"294","GPHA2","ENSG00000149735","294.1.1","flr-2","WBGene00001466",""
"295","GPI","ENSG00000105220","295.1.1","gpi-1","WBGene00013597","Glucose-6-phosphate isomerase  [Source:UniProtKB/TrEMBL;Acc:Q9U1Q2]"
"296","GREM1","ENSG00000166923","296.1.1","F35B12.10","WBGene00009389",""
"297","GRP","ENSG00000134443","297.1.1","N/A","N/A","N/A"
"297","GRP","ENSG00000165623","297.2.1","N/A","N/A","N/A"
"298","GSTP1","ENSG00000084207","298.1.1","gst-1","WBGene00001749","Glutathione S-transferase P  [Source:UniProtKB/Swiss-Prot;Acc:P10299]"
"298","GSTP1","ENSG00000084207","298.1.2","gst-2","WBGene00001750","Glutathione S-transferase 2  [Source:UniProtKB/Swiss-Prot;Acc:O16115]"
"298","GSTP1","ENSG00000084207","298.1.3","gst-3","WBGene00001751","Glutathione S-transferase 3  [Source:UniProtKB/Swiss-Prot;Acc:O16116]"
"298","GSTP1","ENSG00000084207","298.1.4","gst-4","WBGene00001752","Glutathione S-transferase 4  [Source:UniProtKB/Swiss-Prot;Acc:Q21355]"
"298","GSTP1","ENSG00000084207","298.1.5","gst-5","WBGene00001753","Probable glutathione S-transferase 5  [Source:UniProtKB/Swiss-Prot;Acc:Q09596]"
"298","GSTP1","ENSG00000084207","298.1.6","gst-6","WBGene00001754","Probable glutathione S-transferase 6  [Source:UniProtKB/Swiss-Prot;Acc:P91252]"
"298","GSTP1","ENSG00000084207","298.1.7","gst-7","WBGene00001755","Probable glutathione S-transferase 7  [Source:UniProtKB/Swiss-Prot;Acc:P91253]"
"298","GSTP1","ENSG00000084207","298.1.8","gst-8","WBGene00001756","Probable glutathione S-transferase 8  [Source:UniProtKB/Swiss-Prot;Acc:P91254]"
"298","GSTP1","ENSG00000084207","298.1.9","gst-9","WBGene00001757","Probable glutathione S-transferase 9  [Source:UniProtKB/Swiss-Prot;Acc:Q21743]"
"298","GSTP1","ENSG00000084207","298.1.10","gst-10","WBGene00001758","Glutathione S-transferase P 10  [Source:UniProtKB/Swiss-Prot;Acc:Q9N4X8]"
"298","GSTP1","ENSG00000084207","298.1.11","gst-11","WBGene00001759","Glutathione S-Transferase  [Source:UniProtKB/TrEMBL;Acc:Q21945]"
"298","GSTP1","ENSG00000084207","298.1.12","gst-12","WBGene00001760","Glutathione S-Transferase  [Source:UniProtKB/TrEMBL;Acc:Q93695]"
"298","GSTP1","ENSG00000084207","298.1.13","gst-13","WBGene00001761","Glutathione S-Transferase  [Source:UniProtKB/TrEMBL;Acc:Q22814]"
"298","GSTP1","ENSG00000084207","298.1.14","gst-14","WBGene00001762","Glutathione S-Transferase  [Source:UniProtKB/TrEMBL;Acc:Q93696]"
"298","GSTP1","ENSG00000084207","298.1.15","gst-16","WBGene00001764","Glutathione S-Transferase  [Source:UniProtKB/TrEMBL;Acc:Q93698]"
"298","GSTP1","ENSG00000084207","298.1.16","gst-17","WBGene00001765","Glutathione S-Transferase  [Source:UniProtKB/TrEMBL;Acc:Q93699]"
"298","GSTP1","ENSG00000084207","298.1.17","gst-18","WBGene00001766","Glutathione S-Transferase  [Source:UniProtKB/TrEMBL;Acc:Q93700]"
"298","GSTP1","ENSG00000084207","298.1.18","gst-19","WBGene00001767","Glutathione S-Transferase  [Source:UniProtKB/TrEMBL;Acc:Q93701]"
"298","GSTP1","ENSG00000084207","298.1.19","gst-21","WBGene00001769","Glutathione S-Transferase  [Source:UniProtKB/TrEMBL;Acc:O44576]"
"298","GSTP1","ENSG00000084207","298.1.20","gst-22","WBGene00001770","Glutathione S-Transferase  [Source:UniProtKB/TrEMBL;Acc:O45387]"
"298","GSTP1","ENSG00000084207","298.1.21","gst-23","WBGene00001771","Glutathione S-Transferase  [Source:UniProtKB/TrEMBL;Acc:P91505]"
"298","GSTP1","ENSG00000084207","298.1.22","gst-24","WBGene00001772","Glutathione S-Transferase  [Source:UniProtKB/TrEMBL;Acc:Q93694]"
"298","GSTP1","ENSG00000084207","298.1.23","gst-25","WBGene00001773","Glutathione S-Transferase  [Source:UniProtKB/TrEMBL;Acc:O61750]"
"298","GSTP1","ENSG00000084207","298.1.24","gst-26","WBGene00001774","Glutathione S-Transferase  [Source:UniProtKB/TrEMBL;Acc:Q9NAB4]"
"298","GSTP1","ENSG00000084207","298.1.25","gst-27","WBGene00001775","Glutathione S-Transferase  [Source:UniProtKB/TrEMBL;Acc:Q9NAB3]"
"298","GSTP1","ENSG00000084207","298.1.26","gst-28","WBGene00001776","Glutathione S-Transferase  [Source:UniProtKB/TrEMBL;Acc:Q9NAB2]"
"298","GSTP1","ENSG00000084207","298.1.27","gst-29","WBGene00001777","Glutathione S-Transferase  [Source:UniProtKB/TrEMBL;Acc:Q9NAB1]"
"298","GSTP1","ENSG00000084207","298.1.28","gst-31","WBGene00001779","Glutathione S-Transferase  [Source:UniProtKB/TrEMBL;Acc:Q9NAA9]"
"298","GSTP1","ENSG00000084207","298.1.29","gst-32","WBGene00001780","Glutathione S-Transferase  [Source:UniProtKB/TrEMBL;Acc:Q9NA96]"
"298","GSTP1","ENSG00000084207","298.1.30","gst-33","WBGene00001781","Glutathione S-Transferase  [Source:UniProtKB/TrEMBL;Acc:O16198]"
"298","GSTP1","ENSG00000084207","298.1.31","gst-34","WBGene00001782","Glutathione S-Transferase  [Source:UniProtKB/TrEMBL;Acc:Q86S58]"
"298","GSTP1","ENSG00000084207","298.1.32","gst-35","WBGene00001783","Glutathione S-Transferase  [Source:UniProtKB/TrEMBL;Acc:Q8T7Z3]"
"298","GSTP1","ENSG00000084207","298.1.33","gst-37","WBGene00001785","Glutathione S-Transferase  [Source:UniProtKB/TrEMBL;Acc:Q9BPM4]"
"298","GSTP1","ENSG00000084207","298.1.34","gst-38","WBGene00001786","Glutathione S-Transferase  [Source:UniProtKB/TrEMBL;Acc:O45451]"
"298","GSTP1","ENSG00000084207","298.1.35","gst-39","WBGene00001787","Glutathione S-Transferase  [Source:UniProtKB/TrEMBL;Acc:Q9NAB0]"
"298","GSTP1","ENSG00000084207","298.1.36","gst-41","WBGene00001789","Glutathione S-Transferase  [Source:UniProtKB/TrEMBL;Acc:Q966G8]"
"298","GSTP1","ENSG00000084207","298.1.37","F56A4.3","WBGene00018911",""
"298","GSTP1","ENSG00000084207","298.1.38","F56A4.4","WBGene00018912",""
"298","GSTP1","ENSG00000084207","298.1.39","W10C8.4","WBGene00021127",""
"298","GSTP1","ENSG00000084207","298.1.40","Y45G12C.3","WBGene00021566",""
"299","GUCA2A","ENSG00000197273","299.1.1","N/A","N/A","N/A"
"300","GUCA2B","ENSG00000044012","300.1.1","N/A","N/A","N/A"
"301","GZMB","ENSG00000100453","301.1.1","N/A","N/A","N/A"
"302","HAS2","ENSG00000170961","302.1.1","N/A","N/A","N/A"
"303","HBEGF","ENSG00000113070","303.1.1","N/A","N/A","N/A"
"304","HCRT","ENSG00000161610","304.1.1","N/A","N/A","N/A"
"305","HDC","ENSG00000140287","305.1.1","hdl-2","WBGene00006409","Histidine Decarboxyase Like  [Source:UniProtKB/TrEMBL;Acc:Q17874]"
"306","HEBP1","ENSG00000013583","306.1.1","N/A","N/A","N/A"
"307","HGF","ENSG00000019991","307.1.1","N/A","N/A","N/A"
"308","HHIPL2","ENSG00000143512","308.1.1","N/A","N/A","N/A"
"309","HHLA3","ENSG00000197568","309.1.1","N/A","N/A","N/A"
"310","HLA-A","ENSG00000206503","310.1.1","N/A","N/A","N/A"
"311","HLA-B","ENSG00000234745","311.1.1","N/A","N/A","N/A"
"312","HLA-C","ENSG00000204525","312.1.1","N/A","N/A","N/A"
"313","HLA-E","ENSG00000204592","313.1.1","N/A","N/A","N/A"
"314","HLA-G","ENSG00000204632","314.1.1","N/A","N/A","N/A"
"315","HMGB1","ENSG00000189403","315.1.1","N/A","N/A","N/A"
"316","HP","ENSG00000257017","316.1.1","N/A","N/A","N/A"
"317","HRAS","ENSG00000174775","317.1.1","let-60","WBGene00002335","Ras protein let-60  [Source:UniProtKB/Swiss-Prot;Acc:P22981]"
"318","HRG","ENSG00000113905","318.1.1","N/A","N/A","N/A"
"319","HSP90AA1","ENSG00000080824","319.1.1","hsp-90","WBGene00000915","Heat shock protein 90  [Source:UniProtKB/Swiss-Prot;Acc:Q18688]"
"320","HSP90B1","ENSG00000166598","320.1.1","enpl-1","WBGene00011480","Endoplasmin homolog  [Source:UniProtKB/Swiss-Prot;Acc:Q22235]"
"321","HSPA1A","ENSG00000204389","321.1.1","hsp-70","WBGene00002026","Heat Shock Protein  [Source:UniProtKB/TrEMBL;Acc:O45246]"
"321","HSPA1A","ENSG00000204389","321.1.2","F44E5.4","WBGene00009691",""
"321","HSPA1A","ENSG00000204389","321.1.3","F44E5.5","WBGene00009692",""
"321","HSPA1A","ENSG00000204389","321.1.4","hsp-110","WBGene00016250","Heat shock protein 110  [Source:UniProtKB/Swiss-Prot;Acc:Q05036]"
"322","HSPG2","ENSG00000142798","322.1.1","N/A","N/A","N/A"
"323","IAPP","ENSG00000121351","323.1.1","N/A","N/A","N/A"
"324","IBSP","ENSG00000029559","324.1.1","N/A","N/A","N/A"
"325","ICAM1","ENSG00000090339","325.1.1","N/A","N/A","N/A"
"326","ICAM2","ENSG00000108622","326.1.1","N/A","N/A","N/A"
"327","ICAM3","ENSG00000076662","327.1.1","N/A","N/A","N/A"
"328","ICAM4","ENSG00000105371","328.1.1","N/A","N/A","N/A"
"329","ICAM5","ENSG00000105376","329.1.1","N/A","N/A","N/A"
"330","IFNA10","ENSG00000186803","330.1.1","N/A","N/A","N/A"
"331","IFNA13","ENSG00000233816","331.1.1","N/A","N/A","N/A"
"332","IFNA14","ENSG00000228083","332.1.1","N/A","N/A","N/A"
"333","IFNA16","ENSG00000147885","333.1.1","N/A","N/A","N/A"
"334","IFNA17","ENSG00000234829","334.1.1","N/A","N/A","N/A"
"335","IFNA1","ENSG00000197919","335.1.1","N/A","N/A","N/A"
"335","IFNA1","ENSG00000233816","335.2.1","N/A","N/A","N/A"
"336","IFNA21","ENSG00000137080","336.1.1","N/A","N/A","N/A"
"337","IFNA2","ENSG00000188379","337.1.1","N/A","N/A","N/A"
"338","IFNA4","ENSG00000236637","338.1.1","N/A","N/A","N/A"
"339","IFNA5","ENSG00000147873","339.1.1","N/A","N/A","N/A"
"340","IFNA6","ENSG00000120235","340.1.1","N/A","N/A","N/A"
"341","IFNA7","ENSG00000214042","341.1.1","N/A","N/A","N/A"
"342","IFNA8","ENSG00000120242","342.1.1","N/A","N/A","N/A"
"343","IFNB1","ENSG00000171855","343.1.1","N/A","N/A","N/A"
"344","IFNG","ENSG00000111537","344.1.1","N/A","N/A","N/A"
"345","IFNL1","ENSG00000182393","345.1.1","N/A","N/A","N/A"
"346","IFNL2","ENSG00000183709","346.1.1","N/A","N/A","N/A"
"347","IFNL3","ENSG00000197110","347.1.1","N/A","N/A","N/A"
"348","IFNW1","ENSG00000177047","348.1.1","N/A","N/A","N/A"
"349","IGF1","ENSG00000017427","349.1.1","N/A","N/A","N/A"
"350","IGF2","ENSG00000167244","350.1.1","N/A","N/A","N/A"
"351","IGFBP4","ENSG00000141753","351.1.1","N/A","N/A","N/A"
"352","IGFL1","ENSG00000188293","352.1.1","N/A","N/A","N/A"
"353","IGFL2","ENSG00000204866","353.1.1","N/A","N/A","N/A"
"354","IGFL3","ENSG00000188624","354.1.1","N/A","N/A","N/A"
"355","IHH","ENSG00000163501","355.1.1","grd-1","WBGene00001690","GRounDhog (Hedgehog-like family)  [Source:UniProtKB/TrEMBL;Acc:Q7YXC8]"
"355","IHH","ENSG00000163501","355.1.2","grd-2","WBGene00001691","GRounDhog (Hedgehog-like family)  [Source:UniProtKB/TrEMBL;Acc:Q9XV14]"
"355","IHH","ENSG00000163501","355.1.3","grd-3","WBGene00001692","GRounDhog (Hedgehog-like family)  [Source:UniProtKB/TrEMBL;Acc:Q9TYW7]"
"355","IHH","ENSG00000163501","355.1.4","grd-4","WBGene00001693","GRounDhog (Hedgehog-like family)  [Source:UniProtKB/TrEMBL;Acc:O02154]"
"355","IHH","ENSG00000163501","355.1.5","grd-5","WBGene00001694","GRounDhog (Hedgehog-like family)  [Source:UniProtKB/TrEMBL;Acc:O16462]"
"355","IHH","ENSG00000163501","355.1.6","grd-6","WBGene00001695","GRounDhog (Hedgehog-like family)  [Source:UniProtKB/TrEMBL;Acc:Q22551]"
"355","IHH","ENSG00000163501","355.1.7","grd-7","WBGene00001696","GRounDhog (Hedgehog-like family)  [Source:UniProtKB/TrEMBL;Acc:Q3Y407]"
"355","IHH","ENSG00000163501","355.1.8","grd-8","WBGene00001697","GRounDhog (Hedgehog-like family)  [Source:UniProtKB/TrEMBL;Acc:Q22914]"
"355","IHH","ENSG00000163501","355.1.9","grd-9","WBGene00001698","GRounDhog (Hedgehog-like family)  [Source:UniProtKB/TrEMBL;Acc:O01465]"
"355","IHH","ENSG00000163501","355.1.10","grd-10","WBGene00001699","GRounDhog (Hedgehog-like family)  [Source:UniProtKB/TrEMBL;Acc:O44471]"
"355","IHH","ENSG00000163501","355.1.11","grd-11","WBGene00001700","GRounDhog (Hedgehog-like family)  [Source:UniProtKB/TrEMBL;Acc:Q9XUV2]"
"355","IHH","ENSG00000163501","355.1.12","grd-13","WBGene00001702","GRounDhog (Hedgehog-like family)  [Source:UniProtKB/TrEMBL;Acc:Q7Z2A9]"
"355","IHH","ENSG00000163501","355.1.13","grd-14","WBGene00001703","GRounDhog (Hedgehog-like family)  [Source:UniProtKB/TrEMBL;Acc:O02153]"
"355","IHH","ENSG00000163501","355.1.14","wrt-3","WBGene00006949","Warthog protein 3  [Source:UniProtKB/Swiss-Prot;Acc:Q20170]"
"355","IHH","ENSG00000163501","355.1.15","wrt-4","WBGene00006950","Warthog protein 4 Warthog protein 4 N-product Warthog protein 4 C-product [Source:UniProtKB/Swiss-Prot;Acc:Q94129]"
"355","IHH","ENSG00000163501","355.1.16","wrt-5","WBGene00006951","Warthog protein 5  [Source:UniProtKB/Swiss-Prot;Acc:Q9U7D3]"
"355","IHH","ENSG00000163501","355.1.17","wrt-7","WBGene00006953","WaRThog (Hedgehog-like family)  [Source:UniProtKB/TrEMBL;Acc:O45992]"
"355","IHH","ENSG00000163501","355.1.18","wrt-8","WBGene00006954","Warthog protein 8 Warthog protein 8 N-product Warthog protein 8 C-product [Source:UniProtKB/Swiss-Prot;Acc:Q94130]"
"356","IL10","ENSG00000136634","356.1.1","N/A","N/A","N/A"
"357","IL11","ENSG00000095752","357.1.1","N/A","N/A","N/A"
"358","IL12A","ENSG00000168811","358.1.1","N/A","N/A","N/A"
"359","IL12B","ENSG00000113302","359.1.1","N/A","N/A","N/A"
"360","IL13","ENSG00000169194","360.1.1","N/A","N/A","N/A"
"361","IL15","ENSG00000164136","361.1.1","N/A","N/A","N/A"
"362","IL16","ENSG00000172349","362.1.1","N/A","N/A","N/A"
"363","IL17A","ENSG00000112115","363.1.1","F25D1.3","WBGene00009108",""
"364","IL17B","ENSG00000127743","364.1.1","N/A","N/A","N/A"
"365","IL17F","ENSG00000112116","365.1.1","F25D1.3","WBGene00009108",""
"366","IL18","ENSG00000150782","366.1.1","N/A","N/A","N/A"
"367","IL19","ENSG00000142224","367.1.1","N/A","N/A","N/A"
"368","IL1A","ENSG00000115008","368.1.1","N/A","N/A","N/A"
"369","IL1B","ENSG00000125538","369.1.1","N/A","N/A","N/A"
"370","IL1F10","ENSG00000136697","370.1.1","N/A","N/A","N/A"
"371","IL1RN","ENSG00000136689","371.1.1","N/A","N/A","N/A"
"372","IL20","ENSG00000162891","372.1.1","N/A","N/A","N/A"
"373","IL21","ENSG00000138684","373.1.1","N/A","N/A","N/A"
"374","IL22","ENSG00000127318","374.1.1","N/A","N/A","N/A"
"375","IL23A","ENSG00000110944","375.1.1","N/A","N/A","N/A"
"376","IL24","ENSG00000162892","376.1.1","N/A","N/A","N/A"
"377","IL25","ENSG00000166090","377.1.1","F25D1.3","WBGene00009108",""
"378","IL26","ENSG00000111536","378.1.1","N/A","N/A","N/A"
"379","IL27","ENSG00000197272","379.1.1","N/A","N/A","N/A"
"380","IL2","ENSG00000109471","380.1.1","N/A","N/A","N/A"
"381","IL31","ENSG00000204671","381.1.1","N/A","N/A","N/A"
"382","IL34","ENSG00000157368","382.1.1","N/A","N/A","N/A"
"383","IL3","ENSG00000164399","383.1.1","N/A","N/A","N/A"
"384","IL4","ENSG00000113520","384.1.1","N/A","N/A","N/A"
"385","IL5","ENSG00000113525","385.1.1","N/A","N/A","N/A"
"386","IL6","ENSG00000136244","386.1.1","N/A","N/A","N/A"
"387","IL7","ENSG00000104432","387.1.1","N/A","N/A","N/A"
"388","IL8","ENSG00000169429","388.1.1","N/A","N/A","N/A"
"389","IL9","ENSG00000145839","389.1.1","N/A","N/A","N/A"
"390","INHA","ENSG00000123999","390.1.1","N/A","N/A","N/A"
"391","INHBA","ENSG00000122641","391.1.1","N/A","N/A","N/A"
"392","INHBB","ENSG00000163083","392.1.1","N/A","N/A","N/A"
"393","INHBC","ENSG00000175189","393.1.1","N/A","N/A","N/A"
"394","INHBE","ENSG00000139269","394.1.1","N/A","N/A","N/A"
"395","INSL3","ENSG00000248099","395.1.1","N/A","N/A","N/A"
"396","INSL5","ENSG00000172410","396.1.1","N/A","N/A","N/A"
"397","INS","ENSG00000129965","397.1.1","N/A","N/A","N/A"
"397","INS","ENSG00000254647","397.2.1","N/A","N/A","N/A"
"398","ITGB3BP","ENSG00000142856","398.1.1","N/A","N/A","N/A"
"399","ITIH2","ENSG00000151655","399.1.1","N/A","N/A","N/A"
"400","JAG1","ENSG00000101384","400.1.1","F25D7.5","WBGene00009114",""
"400","JAG1","ENSG00000101384","400.1.2","F55H12.3","WBGene00010134",""
"400","JAG1","ENSG00000101384","400.1.3","Y70G10A.2","WBGene00013498",""
"401","JAG2","ENSG00000184916","401.1.1","F25D7.5","WBGene00009114",""
"401","JAG2","ENSG00000184916","401.1.2","Y70G10A.2","WBGene00013498",""
"402","KAL1","N/A","402.1.1","N/A","N/A","N/A"
"403","KISS1","ENSG00000170498","403.1.1","N/A","N/A","N/A"
"404","KITLG","ENSG00000049130","404.1.1","N/A","N/A","N/A"
"405","KLK3","ENSG00000142515","405.1.1","N/A","N/A","N/A"
"406","KNG1","ENSG00000113889","406.1.1","N/A","N/A","N/A"
"407","KRTAP4-12","ENSG00000213416","407.1.1","N/A","N/A","N/A"
"408","L1CAM","ENSG00000198910","408.1.1","N/A","N/A","N/A"
"409","LACRT","ENSG00000135413","409.1.1","N/A","N/A","N/A"
"410","LAMA1","ENSG00000101680","410.1.1","N/A","N/A","N/A"
"411","LAMA2","ENSG00000196569","411.1.1","N/A","N/A","N/A"
"412","LAMA3","ENSG00000053747","412.1.1","N/A","N/A","N/A"
"413","LAMA4","ENSG00000112769","413.1.1","N/A","N/A","N/A"
"414","LAMA5","ENSG00000130702","414.1.1","N/A","N/A","N/A"
"415","LAMB1","ENSG00000091136","415.1.1","N/A","N/A","N/A"
"416","LAMB2","ENSG00000172037","416.1.1","N/A","N/A","N/A"
"417","LAMB3","ENSG00000196878","417.1.1","N/A","N/A","N/A"
"418","LAMC1","ENSG00000135862","418.1.1","N/A","N/A","N/A"
"419","LAMC2","ENSG00000058085","419.1.1","N/A","N/A","N/A"
"420","LAMC3","ENSG00000050555","420.1.1","N/A","N/A","N/A"
"421","LCN1","ENSG00000160349","421.1.1","N/A","N/A","N/A"
"422","LCN2","ENSG00000148346","422.1.1","N/A","N/A","N/A"
"423","LEFTY2","ENSG00000143768","423.1.1","N/A","N/A","N/A"
"424","LEP","ENSG00000174697","424.1.1","N/A","N/A","N/A"
"425","LGALS3BP","ENSG00000108679","425.1.1","N/A","N/A","N/A"
"426","LHB","ENSG00000104826","426.1.1","N/A","N/A","N/A"
"427","LIF","ENSG00000128342","427.1.1","N/A","N/A","N/A"
"428","LIN7C","ENSG00000148943","428.1.1","lin-7","WBGene00002996",""
"429","LIPC","ENSG00000166035","429.1.1","N/A","N/A","N/A"
"430","LIPH","ENSG00000163898","430.1.1","N/A","N/A","N/A"
"431","LPA","ENSG00000198670","431.1.1","N/A","N/A","N/A"
"432","LPL","ENSG00000175445","432.1.1","N/A","N/A","N/A"
"433","LRP1B","ENSG00000168702","433.1.1","N/A","N/A","N/A"
"434","LRPAP1","ENSG00000163956","434.1.1","C15C8.4","WBGene00007606","Putative low density lipoprotein receptor associated protein (37.4 kD)  [Source:UniProtKB/TrEMBL;Acc:G5EF26]"
"435","LTA","ENSG00000226979","435.1.1","N/A","N/A","N/A"
"436","LTBP1","ENSG00000049323","436.1.1","N/A","N/A","N/A"
"437","LTBP3","ENSG00000168056","437.1.1","N/A","N/A","N/A"
"438","LTB","ENSG00000227507","438.1.1","N/A","N/A","N/A"
"439","LTF","ENSG00000012223","439.1.1","N/A","N/A","N/A"
"440","LY6G5C","ENSG00000204428","440.1.1","N/A","N/A","N/A"
"441","LY86","ENSG00000112799","441.1.1","N/A","N/A","N/A"
"442","LYPD3","ENSG00000124466","442.1.1","N/A","N/A","N/A"
"443","LYZ","ENSG00000090382","443.1.1","N/A","N/A","N/A"
"444","MADCAM1","ENSG00000099866","444.1.1","N/A","N/A","N/A"
"445","MATN1","ENSG00000162510","445.1.1","N/A","N/A","N/A"
"446","MBL2","ENSG00000165471","446.1.1","N/A","N/A","N/A"
"447","MDK","ENSG00000110492","447.1.1","N/A","N/A","N/A"
"448","MEPE","ENSG00000152595","448.1.1","N/A","N/A","N/A"
"449","MFAP2","ENSG00000117122","449.1.1","N/A","N/A","N/A"
"450","MFAP5","ENSG00000197614","450.1.1","N/A","N/A","N/A"
"451","MFGE8","ENSG00000140545","451.1.1","N/A","N/A","N/A"
"452","MFI2","ENSG00000163975","452.1.1","N/A","N/A","N/A"
"453","MFNG","ENSG00000100060","453.1.1","N/A","N/A","N/A"
"454","MIA","ENSG00000261857","454.1.1","N/A","N/A","N/A"
"455","MLLT4","N/A","455.1.1","N/A","N/A","N/A"
"456","MLN","ENSG00000096395","456.1.1","N/A","N/A","N/A"
"457","MMP12","ENSG00000262406","457.1.1","N/A","N/A","N/A"
"458","MMP13","ENSG00000137745","458.1.1","N/A","N/A","N/A"
"459","MMP1","ENSG00000196611","459.1.1","N/A","N/A","N/A"
"460","MMP2","ENSG00000087245","460.1.1","N/A","N/A","N/A"
"461","MMP7","ENSG00000137673","461.1.1","N/A","N/A","N/A"
"462","MMP9","ENSG00000100985","462.1.1","N/A","N/A","N/A"
"463","MST1","ENSG00000173531","463.1.1","N/A","N/A","N/A"
"464","MSTN","ENSG00000138379","464.1.1","N/A","N/A","N/A"
"465","MUC2","ENSG00000198788","465.1.1","N/A","N/A","N/A"
"466","MUC7","ENSG00000171195","466.1.1","N/A","N/A","N/A"
"467","MYOC","ENSG00000034971","467.1.1","N/A","N/A","N/A"
"468","NAMPT","ENSG00000105835","468.1.1","nprt-1","WBGene00021882","Nicotinate phosphoribosyltransferase  [Source:UniProtKB/Swiss-Prot;Acc:Q95XX1]"
"469","NCAM1","ENSG00000149294","469.1.1","N/A","N/A","N/A"
"470","NCAN","ENSG00000130287","470.1.1","N/A","N/A","N/A"
"471","NDP","ENSG00000124479","471.1.1","N/A","N/A","N/A"
"472","NGF","ENSG00000134259","472.1.1","N/A","N/A","N/A"
"473","NID1","ENSG00000116962","473.1.1","N/A","N/A","N/A"
"474","NID2","ENSG00000087303","474.1.1","N/A","N/A","N/A"
"475","NLGN1","ENSG00000169760","475.1.1","ace-3","WBGene00000037","Carboxylic ester hydrolase  [Source:UniProtKB/TrEMBL;Acc:Q9U295]"
"475","NLGN1","ENSG00000169760","475.1.2","ace-4","WBGene00000038","Carboxylic ester hydrolase  [Source:UniProtKB/TrEMBL;Acc:G5EDN1]"
"475","NLGN1","ENSG00000169760","475.1.3","C23H4.2","WBGene00007691","Carboxylic ester hydrolase  [Source:UniProtKB/TrEMBL;Acc:Q93251]"
"475","NLGN1","ENSG00000169760","475.1.4","C23H4.3","WBGene00007692",""
"475","NLGN1","ENSG00000169760","475.1.5","C23H4.4","WBGene00007693","Carboxylic ester hydrolase  [Source:UniProtKB/TrEMBL;Acc:B6VQ83]"
"475","NLGN1","ENSG00000169760","475.1.6","C23H4.7","WBGene00007695","Carboxylic ester hydrolase  [Source:UniProtKB/TrEMBL;Acc:Q8MQC8]"
"475","NLGN1","ENSG00000169760","475.1.7","E01G6.3","WBGene00008451","Carboxylic ester hydrolase  [Source:UniProtKB/TrEMBL;Acc:G5EC03]"
"475","NLGN1","ENSG00000169760","475.1.8","cest-1","WBGene00011362","Carboxylic ester hydrolase  [Source:UniProtKB/TrEMBL;Acc:O01302]"
"475","NLGN1","ENSG00000169760","475.1.9","T02B5.3","WBGene00011364","Carboxylic ester hydrolase  [Source:UniProtKB/TrEMBL;Acc:P92016]"
"475","NLGN1","ENSG00000169760","475.1.10","ZC376.1","WBGene00013873",""
"475","NLGN1","ENSG00000169760","475.1.11","ZC376.2","WBGene00013874",""
"475","NLGN1","ENSG00000169760","475.1.12","ZC376.3","WBGene00013875",""
"475","NLGN1","ENSG00000169760","475.1.13","B0238.1","WBGene00015067","Carboxylic ester hydrolase  [Source:UniProtKB/TrEMBL;Acc:O16497]"
"475","NLGN1","ENSG00000169760","475.1.14","B0238.7","WBGene00015071","Carboxylic ester hydrolase  [Source:UniProtKB/TrEMBL;Acc:O16490]"
"475","NLGN1","ENSG00000169760","475.1.15","C01B10.4","WBGene00015279",""
"475","NLGN1","ENSG00000169760","475.1.16","C01B10.10","WBGene00015284",""
"475","NLGN1","ENSG00000169760","475.1.17","C42D4.2","WBGene00016595",""
"475","NLGN1","ENSG00000169760","475.1.18","C52A10.1","WBGene00016862","Carboxylic ester hydrolase  [Source:UniProtKB/TrEMBL;Acc:Q95YC4]"
"475","NLGN1","ENSG00000169760","475.1.19","C52A10.2","WBGene00016863","Carboxylic ester hydrolase  [Source:UniProtKB/TrEMBL;Acc:Q95YC3]"
"475","NLGN1","ENSG00000169760","475.1.20","F56C11.6","WBGene00018958","Carboxylic ester hydrolase  [Source:UniProtKB/TrEMBL;Acc:H2L069]"
"475","NLGN1","ENSG00000169760","475.1.21","T22D1.11","WBGene00020688",""
"476","NLGN2","ENSG00000169992","476.1.1","ace-3","WBGene00000037","Carboxylic ester hydrolase  [Source:UniProtKB/TrEMBL;Acc:Q9U295]"
"476","NLGN2","ENSG00000169992","476.1.2","ace-4","WBGene00000038","Carboxylic ester hydrolase  [Source:UniProtKB/TrEMBL;Acc:G5EDN1]"
"476","NLGN2","ENSG00000169992","476.1.3","C23H4.2","WBGene00007691","Carboxylic ester hydrolase  [Source:UniProtKB/TrEMBL;Acc:Q93251]"
"476","NLGN2","ENSG00000169992","476.1.4","C23H4.3","WBGene00007692",""
"476","NLGN2","ENSG00000169992","476.1.5","C23H4.4","WBGene00007693","Carboxylic ester hydrolase  [Source:UniProtKB/TrEMBL;Acc:B6VQ83]"
"476","NLGN2","ENSG00000169992","476.1.6","C23H4.7","WBGene00007695","Carboxylic ester hydrolase  [Source:UniProtKB/TrEMBL;Acc:Q8MQC8]"
"476","NLGN2","ENSG00000169992","476.1.7","E01G6.3","WBGene00008451","Carboxylic ester hydrolase  [Source:UniProtKB/TrEMBL;Acc:G5EC03]"
"476","NLGN2","ENSG00000169992","476.1.8","cest-1","WBGene00011362","Carboxylic ester hydrolase  [Source:UniProtKB/TrEMBL;Acc:O01302]"
"476","NLGN2","ENSG00000169992","476.1.9","T02B5.3","WBGene00011364","Carboxylic ester hydrolase  [Source:UniProtKB/TrEMBL;Acc:P92016]"
"476","NLGN2","ENSG00000169992","476.1.10","ZC376.1","WBGene00013873",""
"476","NLGN2","ENSG00000169992","476.1.11","ZC376.2","WBGene00013874",""
"476","NLGN2","ENSG00000169992","476.1.12","ZC376.3","WBGene00013875",""
"476","NLGN2","ENSG00000169992","476.1.13","B0238.1","WBGene00015067","Carboxylic ester hydrolase  [Source:UniProtKB/TrEMBL;Acc:O16497]"
"476","NLGN2","ENSG00000169992","476.1.14","B0238.7","WBGene00015071","Carboxylic ester hydrolase  [Source:UniProtKB/TrEMBL;Acc:O16490]"
"476","NLGN2","ENSG00000169992","476.1.15","C01B10.4","WBGene00015279",""
"476","NLGN2","ENSG00000169992","476.1.16","C01B10.10","WBGene00015284",""
"476","NLGN2","ENSG00000169992","476.1.17","C42D4.2","WBGene00016595",""
"476","NLGN2","ENSG00000169992","476.1.18","C52A10.1","WBGene00016862","Carboxylic ester hydrolase  [Source:UniProtKB/TrEMBL;Acc:Q95YC4]"
"476","NLGN2","ENSG00000169992","476.1.19","C52A10.2","WBGene00016863","Carboxylic ester hydrolase  [Source:UniProtKB/TrEMBL;Acc:Q95YC3]"
"476","NLGN2","ENSG00000169992","476.1.20","F56C11.6","WBGene00018958","Carboxylic ester hydrolase  [Source:UniProtKB/TrEMBL;Acc:H2L069]"
"476","NLGN2","ENSG00000169992","476.1.21","T22D1.11","WBGene00020688",""
"477","NLGN3","ENSG00000196338","477.1.1","ace-3","WBGene00000037","Carboxylic ester hydrolase  [Source:UniProtKB/TrEMBL;Acc:Q9U295]"
"477","NLGN3","ENSG00000196338","477.1.2","ace-4","WBGene00000038","Carboxylic ester hydrolase  [Source:UniProtKB/TrEMBL;Acc:G5EDN1]"
"477","NLGN3","ENSG00000196338","477.1.3","C23H4.2","WBGene00007691","Carboxylic ester hydrolase  [Source:UniProtKB/TrEMBL;Acc:Q93251]"
"477","NLGN3","ENSG00000196338","477.1.4","C23H4.3","WBGene00007692",""
"477","NLGN3","ENSG00000196338","477.1.5","C23H4.4","WBGene00007693","Carboxylic ester hydrolase  [Source:UniProtKB/TrEMBL;Acc:B6VQ83]"
"477","NLGN3","ENSG00000196338","477.1.6","C23H4.7","WBGene00007695","Carboxylic ester hydrolase  [Source:UniProtKB/TrEMBL;Acc:Q8MQC8]"
"477","NLGN3","ENSG00000196338","477.1.7","E01G6.3","WBGene00008451","Carboxylic ester hydrolase  [Source:UniProtKB/TrEMBL;Acc:G5EC03]"
"477","NLGN3","ENSG00000196338","477.1.8","cest-1","WBGene00011362","Carboxylic ester hydrolase  [Source:UniProtKB/TrEMBL;Acc:O01302]"
"477","NLGN3","ENSG00000196338","477.1.9","T02B5.3","WBGene00011364","Carboxylic ester hydrolase  [Source:UniProtKB/TrEMBL;Acc:P92016]"
"477","NLGN3","ENSG00000196338","477.1.10","ZC376.1","WBGene00013873",""
"477","NLGN3","ENSG00000196338","477.1.11","ZC376.2","WBGene00013874",""
"477","NLGN3","ENSG00000196338","477.1.12","ZC376.3","WBGene00013875",""
"477","NLGN3","ENSG00000196338","477.1.13","B0238.1","WBGene00015067","Carboxylic ester hydrolase  [Source:UniProtKB/TrEMBL;Acc:O16497]"
"477","NLGN3","ENSG00000196338","477.1.14","B0238.7","WBGene00015071","Carboxylic ester hydrolase  [Source:UniProtKB/TrEMBL;Acc:O16490]"
"477","NLGN3","ENSG00000196338","477.1.15","C01B10.4","WBGene00015279",""
"477","NLGN3","ENSG00000196338","477.1.16","C01B10.10","WBGene00015284",""
"477","NLGN3","ENSG00000196338","477.1.17","C42D4.2","WBGene00016595",""
"477","NLGN3","ENSG00000196338","477.1.18","C52A10.1","WBGene00016862","Carboxylic ester hydrolase  [Source:UniProtKB/TrEMBL;Acc:Q95YC4]"
"477","NLGN3","ENSG00000196338","477.1.19","C52A10.2","WBGene00016863","Carboxylic ester hydrolase  [Source:UniProtKB/TrEMBL;Acc:Q95YC3]"
"477","NLGN3","ENSG00000196338","477.1.20","F56C11.6","WBGene00018958","Carboxylic ester hydrolase  [Source:UniProtKB/TrEMBL;Acc:H2L069]"
"477","NLGN3","ENSG00000196338","477.1.21","T22D1.11","WBGene00020688",""
"478","NMB","ENSG00000197696","478.1.1","N/A","N/A","N/A"
"479","NMS","ENSG00000204640","479.1.1","N/A","N/A","N/A"
"480","NMU","ENSG00000109255","480.1.1","N/A","N/A","N/A"
"481","NODAL","ENSG00000156574","481.1.1","dbl-1","WBGene00000936","DPP/BMP-Like; Decapentaplegic protein homolog  [Source:UniProtKB/TrEMBL;Acc:G5EEL5]"
"481","NODAL","ENSG00000156574","481.1.2","unc-129","WBGene00006852","UNC-129  [Source:UniProtKB/TrEMBL;Acc:G5EBY8]"
"482","NOV","ENSG00000136999","482.1.1","N/A","N/A","N/A"
"483","NPB","ENSG00000183979","483.1.1","N/A","N/A","N/A"
"484","NPFF","ENSG00000139574","484.1.1","N/A","N/A","N/A"
"484","NPFF","ENSG00000267281","484.2.1","atf-7","WBGene00000223","ATF (cAMP-dependent transcription factor) family  [Source:UniProtKB/TrEMBL;Acc:Q17801]"
"485","NPNT","ENSG00000168743","485.1.1","N/A","N/A","N/A"
"486","NPPA","ENSG00000175206","486.1.1","N/A","N/A","N/A"
"487","NPPB","ENSG00000120937","487.1.1","N/A","N/A","N/A"
"488","NPPC","ENSG00000163273","488.1.1","N/A","N/A","N/A"
"489","NPS","ENSG00000214285","489.1.1","N/A","N/A","N/A"
"490","NPVF","ENSG00000105954","490.1.1","N/A","N/A","N/A"
"491","NPW","ENSG00000183971","491.1.1","N/A","N/A","N/A"
"492","NPY","ENSG00000122585","492.1.1","N/A","N/A","N/A"
"493","NRG1","ENSG00000157168","493.1.1","N/A","N/A","N/A"
"494","NRG2","ENSG00000158458","494.1.1","N/A","N/A","N/A"
"495","NRG3","ENSG00000185737","495.1.1","N/A","N/A","N/A"
"496","NRG4","ENSG00000169752","496.1.1","N/A","N/A","N/A"
"497","NRTN","ENSG00000171119","497.1.1","N/A","N/A","N/A"
"498","NTF3","ENSG00000185652","498.1.1","N/A","N/A","N/A"
"499","NTF4","ENSG00000225950","499.1.1","N/A","N/A","N/A"
"500","NTN1","ENSG00000065320","500.1.1","unc-6","WBGene00006746","Netrin unc-6  [Source:UniProtKB/Swiss-Prot;Acc:P34710]"
"501","NTN3","ENSG00000162068","501.1.1","unc-6","WBGene00006746","Netrin unc-6  [Source:UniProtKB/Swiss-Prot;Acc:P34710]"
"502","NTN4","ENSG00000074527","502.1.1","N/A","N/A","N/A"
"503","NTNG1","ENSG00000162631","503.1.1","N/A","N/A","N/A"
"504","NTNG2","ENSG00000196358","504.1.1","N/A","N/A","N/A"
"505","NTS","ENSG00000133636","505.1.1","N/A","N/A","N/A"
"506","NUCB2","ENSG00000070081","506.1.1","nucb-1","WBGene00009674","NUCleoBindin homolog  [Source:UniProtKB/TrEMBL;Acc:Q8MQ51]"
"507","NXPH1","ENSG00000122584","507.1.1","N/A","N/A","N/A"
"508","NXPH2","ENSG00000144227","508.1.1","N/A","N/A","N/A"
"509","NXPH3","ENSG00000182575","509.1.1","N/A","N/A","N/A"
"510","OBP2A","ENSG00000122136","510.1.1","N/A","N/A","N/A"
"511","OLAH","ENSG00000152463","511.1.1","N/A","N/A","N/A"
"512","OLFM2","ENSG00000105088","512.1.1","N/A","N/A","N/A"
"513","OMG","ENSG00000126861","513.1.1","N/A","N/A","N/A"
"514","ORM1","ENSG00000229314","514.1.1","N/A","N/A","N/A"
"515","OSM","ENSG00000099985","515.1.1","N/A","N/A","N/A"
"516","OSTN","ENSG00000188729","516.1.1","N/A","N/A","N/A"
"517","OXT","ENSG00000101405","517.1.1","N/A","N/A","N/A"
"518","P4HB","ENSG00000185624","518.1.1","pdi-1","WBGene00003962","Protein disulfide-isomerase 1  [Source:UniProtKB/Swiss-Prot;Acc:Q17967]"
"518","P4HB","ENSG00000185624","518.1.2","pdi-2","WBGene00003963","Protein disulfide-isomerase 2  [Source:UniProtKB/Swiss-Prot;Acc:Q17770]"
"518","P4HB","ENSG00000185624","518.1.3","M04D5.1","WBGene00014807",""
"519","PAPLN","ENSG00000100767","519.1.1","N/A","N/A","N/A"
"520","PCSK9","ENSG00000169174","520.1.1","kpc-1","WBGene00002232","Furin-like protease kpc-1  [Source:UniProtKB/Swiss-Prot;Acc:O17798]"
"521","PDAP1","ENSG00000106244","521.1.1","N/A","N/A","N/A"
"522","PDGFA","ENSG00000197461","522.1.1","pvf-1","WBGene00004249","PDGF/VEGF growth factor related  [Source:UniProtKB/TrEMBL;Acc:Q9N413]"
"523","PDGFB","ENSG00000100311","523.1.1","pvf-1","WBGene00004249","PDGF/VEGF growth factor related  [Source:UniProtKB/TrEMBL;Acc:Q9N413]"
"524","PDGFC","ENSG00000145431","524.1.1","N/A","N/A","N/A"
"525","PDGFD","ENSG00000170962","525.1.1","N/A","N/A","N/A"
"526","PDX1","ENSG00000139515","526.1.1","N/A","N/A","N/A"
"527","PDYN","ENSG00000101327","527.1.1","N/A","N/A","N/A"
"528","PENK","ENSG00000181195","528.1.1","N/A","N/A","N/A"
"529","PF4","ENSG00000163737","529.1.1","N/A","N/A","N/A"
"530","PGF","ENSG00000119630","530.1.1","N/A","N/A","N/A"
"531","PI3","ENSG00000124102","531.1.1","C08G9.2","WBGene00015620",""
"532","PIGF","ENSG00000151665","532.1.1","F49E8.8","WBGene00302976",""
"533","PIP","ENSG00000159763","533.1.1","N/A","N/A","N/A"
"534","PKM","ENSG00000067225","534.1.1","pyk-1","WBGene00009126","Pyruvate kinase  [Source:UniProtKB/TrEMBL;Acc:Q7JL40]"
"534","PKM","ENSG00000067225","534.1.2","pyk-2","WBGene00014001","Pyruvate kinase  [Source:UniProtKB/TrEMBL;Acc:Q23539]"
"535","PLA2G10","ENSG00000069764","535.1.1","N/A","N/A","N/A"
"536","PLAT","ENSG00000104368","536.1.1","N/A","N/A","N/A"
"537","PLAU","ENSG00000122861","537.1.1","N/A","N/A","N/A"
"538","PLG","ENSG00000122194","538.1.1","N/A","N/A","N/A"
"539","PLTP","ENSG00000100979","539.1.1","C05C9.1","WBGene00007325",""
"540","PMCH","ENSG00000183395","540.1.1","N/A","N/A","N/A"
"541","PNOC","ENSG00000168081","541.1.1","N/A","N/A","N/A"
"542","PODXL2","ENSG00000114631","542.1.1","N/A","N/A","N/A"
"543","PODXL","ENSG00000128567","543.1.1","N/A","N/A","N/A"
"544","POMC","ENSG00000115138","544.1.1","N/A","N/A","N/A"
"545","PON2","ENSG00000105854","545.1.1","mec-6","WBGene00003170","Mechanosensory abnormality protein 6  [Source:UniProtKB/Swiss-Prot;Acc:O01811]"
"545","PON2","ENSG00000105854","545.1.2","poml-1","WBGene00010775","PON (Paraoxonase) and MEC-6 Like  [Source:UniProtKB/TrEMBL;Acc:Q21427]"
"545","PON2","ENSG00000105854","545.1.3","poml-2","WBGene00017089","PON (Paraoxonase) and MEC-6 Like  [Source:UniProtKB/TrEMBL;Acc:Q966L1]"
"545","PON2","ENSG00000105854","545.1.4","poml-4","WBGene00044697","PON (Paraoxonase) and MEC-6 Like  [Source:UniProtKB/TrEMBL;Acc:Q2V071]"
"545","PON2","ENSG00000105854","545.1.5","poml-3","WBGene00077701","PON (Paraoxonase) and MEC-6 Like  [Source:UniProtKB/TrEMBL;Acc:B1V898]"
"546","PPBP","ENSG00000163736","546.1.1","N/A","N/A","N/A"
"547","PPY","ENSG00000108849","547.1.1","N/A","N/A","N/A"
"548","PRLH","ENSG00000071677","548.1.1","N/A","N/A","N/A"
"549","PRL","ENSG00000172179","549.1.1","N/A","N/A","N/A"
"550","PRND","ENSG00000171864","550.1.1","N/A","N/A","N/A"
"551","PROC","ENSG00000115718","551.1.1","N/A","N/A","N/A"
"552","PROK1","ENSG00000143125","552.1.1","N/A","N/A","N/A"
"553","PROK2","ENSG00000163421","553.1.1","N/A","N/A","N/A"
"554","PROS1","ENSG00000184500","554.1.1","N/A","N/A","N/A"
"555","PRSS23","ENSG00000150687","555.1.1","N/A","N/A","N/A"
"556","PSAP","ENSG00000197746","556.1.1","N/A","N/A","N/A"
"557","PSEN1","ENSG00000080815","557.1.1","sel-12","WBGene00004769","Presenilin sel-12  [Source:UniProtKB/Swiss-Prot;Acc:P52166]"
"558","PSPN","ENSG00000125650","558.1.1","N/A","N/A","N/A"
"559","PTDSS1","ENSG00000156471","559.1.1","N/A","N/A","N/A"
"560","PTGS2","ENSG00000073756","560.1.1","N/A","N/A","N/A"
"561","PTH2","ENSG00000142538","561.1.1","N/A","N/A","N/A"
"562","PTHLH","ENSG00000087494","562.1.1","N/A","N/A","N/A"
"563","PTH","ENSG00000152266","563.1.1","N/A","N/A","N/A"
"564","PTMA","ENSG00000187514","564.1.1","N/A","N/A","N/A"
"565","PTN","ENSG00000105894","565.1.1","N/A","N/A","N/A"
"566","PYY","ENSG00000131096","566.1.1","N/A","N/A","N/A"
"567","QDPR","ENSG00000151552","567.1.1","qdpr-1","WBGene00011398","Quinoid DihydroPteridine Reductase  [Source:UniProtKB/TrEMBL;Acc:Q9XVJ3]"
"568","QRFP","ENSG00000188710","568.1.1","N/A","N/A","N/A"
"569","RAET1E","ENSG00000164520","569.1.1","N/A","N/A","N/A"
"570","RARRES2","ENSG00000106538","570.1.1","N/A","N/A","N/A"
"571","RBP3","ENSG00000265203","571.1.1","N/A","N/A","N/A"
"572","RBP4","ENSG00000138207","572.1.1","N/A","N/A","N/A"
"573","RELN","ENSG00000189056","573.1.1","N/A","N/A","N/A"
"574","REN","ENSG00000143839","574.1.1","asp-1","WBGene00000214","ASpartyl Protease; Aspartic protease 1  [Source:UniProtKB/TrEMBL;Acc:G5EEI4]"
"574","REN","ENSG00000143839","574.1.2","asp-5","WBGene00000218","ASpartyl Protease  [Source:UniProtKB/TrEMBL;Acc:O01532]"
"574","REN","ENSG00000143839","574.1.3","asp-15","WBGene00012681","ASpartyl Protease  [Source:UniProtKB/TrEMBL;Acc:Q8MYN7]"
"574","REN","ENSG00000143839","574.1.4","asp-16","WBGene00012682","ASpartyl Protease  [Source:UniProtKB/TrEMBL;Acc:Q8MYN6]"
"574","REN","ENSG00000143839","574.1.5","asp-17","WBGene00012683","ASpartyl Protease  [Source:UniProtKB/TrEMBL;Acc:Q8MYN5]"
"574","REN","ENSG00000143839","574.1.6","asp-18","WBGene00013973","ASpartyl Protease  [Source:UniProtKB/TrEMBL;Acc:Q7JKL9]"
"574","REN","ENSG00000143839","574.1.7","asp-12","WBGene00017678","ASpartyl Protease  [Source:UniProtKB/TrEMBL;Acc:O01531]"
"574","REN","ENSG00000143839","574.1.8","asp-7","WBGene00019104","ASpartyl Protease  [Source:UniProtKB/TrEMBL;Acc:O16339]"
"574","REN","ENSG00000143839","574.1.9","asp-8","WBGene00019105","ASpartyl Protease  [Source:UniProtKB/TrEMBL;Acc:O16338]"
"574","REN","ENSG00000143839","574.1.10","asp-19","WBGene00077655","ASpartyl Protease  [Source:UniProtKB/TrEMBL;Acc:G5EC01]"
"575","RGMA","ENSG00000182175","575.1.1","drag-1","WBGene00022154","RGM domain family member drag-1  [Source:UniProtKB/Swiss-Prot;Acc:G5EDE5]"
"576","RGMB","ENSG00000174136","576.1.1","drag-1","WBGene00022154","RGM domain family member drag-1  [Source:UniProtKB/Swiss-Prot;Acc:G5EDE5]"
"577","RIMS1","ENSG00000079841","577.1.1","unc-10","WBGene00006750","Rab-3-interacting molecule unc-10  [Source:UniProtKB/Swiss-Prot;Acc:Q22366]"
"578","RIMS2","ENSG00000176406","578.1.1","unc-10","WBGene00006750","Rab-3-interacting molecule unc-10  [Source:UniProtKB/Swiss-Prot;Acc:Q22366]"
"579","RLN1","ENSG00000107014","579.1.1","N/A","N/A","N/A"
"579","RLN1","ENSG00000107018","579.2.1","N/A","N/A","N/A"
"580","RLN2","ENSG00000107014","580.1.1","N/A","N/A","N/A"
"581","RLN3","ENSG00000171136","581.1.1","N/A","N/A","N/A"
"582","RNASE2","ENSG00000169385","582.1.1","N/A","N/A","N/A"
"583","RPH3A","ENSG00000089169","583.1.1","N/A","N/A","N/A"
"584","RPS19","ENSG00000105372","584.1.1","N/A","N/A","N/A"
"585","RSPO1","ENSG00000169218","585.1.1","N/A","N/A","N/A"
"586","RSPO2","ENSG00000147655","586.1.1","N/A","N/A","N/A"
"587","RSPO3","ENSG00000146374","587.1.1","N/A","N/A","N/A"
"588","RSPO4","ENSG00000101282","588.1.1","N/A","N/A","N/A"
"589","RTN4","ENSG00000115310","589.1.1","N/A","N/A","N/A"
"590","S100A8","ENSG00000143546","590.1.1","N/A","N/A","N/A"
"591","S100A9","ENSG00000163220","591.1.1","N/A","N/A","N/A"
"592","SAA1","ENSG00000173432","592.1.1","N/A","N/A","N/A"
"593","SCGB1A1","ENSG00000149021","593.1.1","N/A","N/A","N/A"
"594","SCGB3A1","ENSG00000161055","594.1.1","N/A","N/A","N/A"
"595","SCGB3A2","ENSG00000164265","595.1.1","N/A","N/A","N/A"
"596","SCT","ENSG00000070031","596.1.1","N/A","N/A","N/A"
"597","SELPLG","ENSG00000110876","597.1.1","N/A","N/A","N/A"
"598","SEMA3A","ENSG00000075213","598.1.1","N/A","N/A","N/A"
"599","SEMA3B","ENSG00000012171","599.1.1","N/A","N/A","N/A"
"600","SEMA3C","ENSG00000075223","600.1.1","N/A","N/A","N/A"
"601","SEMA3D","ENSG00000153993","601.1.1","N/A","N/A","N/A"
"602","SEMA3E","ENSG00000170381","602.1.1","N/A","N/A","N/A"
"603","SEMA3F","ENSG00000001617","603.1.1","N/A","N/A","N/A"
"604","SEMA3G","ENSG00000010319","604.1.1","N/A","N/A","N/A"
"605","SEMA4A","ENSG00000196189","605.1.1","N/A","N/A","N/A"
"606","SEMA4B","ENSG00000185033","606.1.1","N/A","N/A","N/A"
"607","SEMA4C","ENSG00000168758","607.1.1","N/A","N/A","N/A"
"608","SEMA4D","ENSG00000187764","608.1.1","N/A","N/A","N/A"
"609","SEMA4F","ENSG00000135622","609.1.1","N/A","N/A","N/A"
"610","SEMA4G","ENSG00000095539","610.1.1","N/A","N/A","N/A"
"611","SEMA5A","ENSG00000112902","611.1.1","N/A","N/A","N/A"
"612","SEMA6A","ENSG00000092421","612.1.1","N/A","N/A","N/A"
"613","SEMA6D","ENSG00000137872","613.1.1","N/A","N/A","N/A"
"614","SEMA7A","ENSG00000138623","614.1.1","N/A","N/A","N/A"
"615","SERPINA1","ENSG00000197249","615.1.1","N/A","N/A","N/A"
"616","SERPINA7","ENSG00000123561","616.1.1","N/A","N/A","N/A"
"617","SERPINC1","ENSG00000117601","617.1.1","N/A","N/A","N/A"
"618","SERPINE1","ENSG00000106366","618.1.1","N/A","N/A","N/A"
"619","SERPINE2","ENSG00000135919","619.1.1","N/A","N/A","N/A"
"620","SERPING1","ENSG00000149131","620.1.1","N/A","N/A","N/A"
"621","SFRP1","ENSG00000104332","621.1.1","sfrp-1","WBGene00022242","Secreted Frizzled-Related Protein  [Source:UniProtKB/TrEMBL;Acc:A0A0K3ARM8]"
"622","SFTPA1","ENSG00000122852","622.1.1","N/A","N/A","N/A"
"623","SFTPA2","ENSG00000185303","623.1.1","N/A","N/A","N/A"
"624","SFTPD","ENSG00000133661","624.1.1","N/A","N/A","N/A"
"625","SHANK1","ENSG00000161681","625.1.1","shn-1","WBGene00006444",""
"626","SHBG","ENSG00000129214","626.1.1","N/A","N/A","N/A"
"627","SHH","ENSG00000164690","627.1.1","grd-1","WBGene00001690","GRounDhog (Hedgehog-like family)  [Source:UniProtKB/TrEMBL;Acc:Q7YXC8]"
"627","SHH","ENSG00000164690","627.1.2","grd-2","WBGene00001691","GRounDhog (Hedgehog-like family)  [Source:UniProtKB/TrEMBL;Acc:Q9XV14]"
"627","SHH","ENSG00000164690","627.1.3","grd-3","WBGene00001692","GRounDhog (Hedgehog-like family)  [Source:UniProtKB/TrEMBL;Acc:Q9TYW7]"
"627","SHH","ENSG00000164690","627.1.4","grd-4","WBGene00001693","GRounDhog (Hedgehog-like family)  [Source:UniProtKB/TrEMBL;Acc:O02154]"
"627","SHH","ENSG00000164690","627.1.5","grd-5","WBGene00001694","GRounDhog (Hedgehog-like family)  [Source:UniProtKB/TrEMBL;Acc:O16462]"
"627","SHH","ENSG00000164690","627.1.6","grd-6","WBGene00001695","GRounDhog (Hedgehog-like family)  [Source:UniProtKB/TrEMBL;Acc:Q22551]"
"627","SHH","ENSG00000164690","627.1.7","grd-7","WBGene00001696","GRounDhog (Hedgehog-like family)  [Source:UniProtKB/TrEMBL;Acc:Q3Y407]"
"627","SHH","ENSG00000164690","627.1.8","grd-8","WBGene00001697","GRounDhog (Hedgehog-like family)  [Source:UniProtKB/TrEMBL;Acc:Q22914]"
"627","SHH","ENSG00000164690","627.1.9","grd-9","WBGene00001698","GRounDhog (Hedgehog-like family)  [Source:UniProtKB/TrEMBL;Acc:O01465]"
"627","SHH","ENSG00000164690","627.1.10","grd-10","WBGene00001699","GRounDhog (Hedgehog-like family)  [Source:UniProtKB/TrEMBL;Acc:O44471]"
"627","SHH","ENSG00000164690","627.1.11","grd-11","WBGene00001700","GRounDhog (Hedgehog-like family)  [Source:UniProtKB/TrEMBL;Acc:Q9XUV2]"
"627","SHH","ENSG00000164690","627.1.12","grd-13","WBGene00001702","GRounDhog (Hedgehog-like family)  [Source:UniProtKB/TrEMBL;Acc:Q7Z2A9]"
"627","SHH","ENSG00000164690","627.1.13","grd-14","WBGene00001703","GRounDhog (Hedgehog-like family)  [Source:UniProtKB/TrEMBL;Acc:O02153]"
"627","SHH","ENSG00000164690","627.1.14","wrt-3","WBGene00006949","Warthog protein 3  [Source:UniProtKB/Swiss-Prot;Acc:Q20170]"
"627","SHH","ENSG00000164690","627.1.15","wrt-4","WBGene00006950","Warthog protein 4 Warthog protein 4 N-product Warthog protein 4 C-product [Source:UniProtKB/Swiss-Prot;Acc:Q94129]"
"627","SHH","ENSG00000164690","627.1.16","wrt-5","WBGene00006951","Warthog protein 5  [Source:UniProtKB/Swiss-Prot;Acc:Q9U7D3]"
"627","SHH","ENSG00000164690","627.1.17","wrt-7","WBGene00006953","WaRThog (Hedgehog-like family)  [Source:UniProtKB/TrEMBL;Acc:O45992]"
"627","SHH","ENSG00000164690","627.1.18","wrt-8","WBGene00006954","Warthog protein 8 Warthog protein 8 N-product Warthog protein 8 C-product [Source:UniProtKB/Swiss-Prot;Acc:Q94130]"
"628","SLIT1","ENSG00000187122","628.1.1","N/A","N/A","N/A"
"629","SLIT2","ENSG00000145147","629.1.1","N/A","N/A","N/A"
"630","SLIT3","ENSG00000184347","630.1.1","N/A","N/A","N/A"
"631","SLPI","ENSG00000124107","631.1.1","C08G9.2","WBGene00015620",""
"632","SORBS1","ENSG00000095637","632.1.1","B0303.7","WBGene00015128",""
"633","SOST","ENSG00000167941","633.1.1","N/A","N/A","N/A"
"634","SPINK1","ENSG00000164266","634.1.1","N/A","N/A","N/A"
"635","SPINT1","ENSG00000166145","635.1.1","mec-9","WBGene00003173",""
"635","SPINT1","ENSG00000166145","635.1.2","C54D10.10","WBGene00008304",""
"635","SPINT1","ENSG00000166145","635.1.3","E01G6.1","WBGene00008449",""
"635","SPINT1","ENSG00000166145","635.1.4","tag-290","WBGene00009386",""
"635","SPINT1","ENSG00000166145","635.1.5","K12G11.6","WBGene00010792",""
"635","SPINT1","ENSG00000166145","635.1.6","mlt-11","WBGene00012186",""
"635","SPINT1","ENSG00000166145","635.1.7","Y43F8B.3","WBGene00012814",""
"635","SPINT1","ENSG00000166145","635.1.8","C02F12.5","WBGene00015355","BPTI/Kunitz inhibitor domain-containing protein C02F12.5  [Source:UniProtKB/Swiss-Prot;Acc:Q11101]"
"635","SPINT1","ENSG00000166145","635.1.9","T21D12.7","WBGene00020648",""
"635","SPINT1","ENSG00000166145","635.1.10","Y55F3BR.2","WBGene00021939",""
"636","SPON2","ENSG00000159674","636.1.1","N/A","N/A","N/A"
"637","SPP1","ENSG00000118785","637.1.1","N/A","N/A","N/A"
"638","SST","ENSG00000157005","638.1.1","N/A","N/A","N/A"
"639","SYTL3","ENSG00000164674","639.1.1","N/A","N/A","N/A"
"640","TAC1","ENSG00000006128","640.1.1","N/A","N/A","N/A"
"641","TAC3","ENSG00000166863","641.1.1","N/A","N/A","N/A"
"642","TAC4","ENSG00000176358","642.1.1","N/A","N/A","N/A"
"643","TCN2","ENSG00000185339","643.1.1","N/A","N/A","N/A"
"644","TCTN1","ENSG00000204852","644.1.1","tctn-1","WBGene00017120","TeCToNic (Vertebrate ciliogenesis factor) homolog  [Source:UniProtKB/TrEMBL;Acc:O44478]"
"645","TDGF1","ENSG00000241186","645.1.1","N/A","N/A","N/A"
"646","TFPI","ENSG00000003436","646.1.1","E01G6.1","WBGene00008449",""
"646","TFPI","ENSG00000003436","646.1.2","K12G11.6","WBGene00010792",""
"646","TFPI","ENSG00000003436","646.1.3","C02F12.5","WBGene00015355","BPTI/Kunitz inhibitor domain-containing protein C02F12.5  [Source:UniProtKB/Swiss-Prot;Acc:Q11101]"
"646","TFPI","ENSG00000003436","646.1.4","Y55F3BR.2","WBGene00021939",""
"647","TF","ENSG00000091513","647.1.1","N/A","N/A","N/A"
"648","TGFA","ENSG00000163235","648.1.1","N/A","N/A","N/A"
"649","TGFB1","ENSG00000105329","649.1.1","N/A","N/A","N/A"
"650","TGFB2","ENSG00000092969","650.1.1","N/A","N/A","N/A"
"651","TGFB3","ENSG00000119699","651.1.1","N/A","N/A","N/A"
"652","TGM2","ENSG00000198959","652.1.1","N/A","N/A","N/A"
"653","TG","ENSG00000042832","653.1.1","ace-1","WBGene00000035","Acetylcholinesterase 1  [Source:UniProtKB/Swiss-Prot;Acc:P38433]"
"654","THBS1","ENSG00000137801","654.1.1","N/A","N/A","N/A"
"655","THBS2","ENSG00000186340","655.1.1","N/A","N/A","N/A"
"656","THPO","ENSG00000090534","656.1.1","N/A","N/A","N/A"
"657","TIMP1","ENSG00000102265","657.1.1","N/A","N/A","N/A"
"658","TIMP2","ENSG00000035862","658.1.1","cri-2","WBGene00019478","Putative metalloproteinase inhibitor tag-225  [Source:UniProtKB/Swiss-Prot;Acc:Q21265]"
"659","TIMP3","ENSG00000100234","659.1.1","cri-2","WBGene00019478","Putative metalloproteinase inhibitor tag-225  [Source:UniProtKB/Swiss-Prot;Acc:Q21265]"
"660","TNC","ENSG00000041982","660.1.1","N/A","N/A","N/A"
"661","TNFSF10","ENSG00000121858","661.1.1","N/A","N/A","N/A"
"662","TNFSF11","ENSG00000120659","662.1.1","N/A","N/A","N/A"
"663","TNFSF12","ENSG00000239697","663.1.1","N/A","N/A","N/A"
"664","TNFSF13B","ENSG00000102524","664.1.1","N/A","N/A","N/A"
"665","TNFSF13","ENSG00000161955","665.1.1","N/A","N/A","N/A"
"666","TNFSF14","ENSG00000125735","666.1.1","N/A","N/A","N/A"
"667","TNFSF15","ENSG00000181634","667.1.1","N/A","N/A","N/A"
"668","TNFSF18","ENSG00000120337","668.1.1","N/A","N/A","N/A"
"669","TNFSF4","ENSG00000117586","669.1.1","N/A","N/A","N/A"
"670","TNFSF8","ENSG00000106952","670.1.1","N/A","N/A","N/A"
"671","TNFSF9","ENSG00000125657","671.1.1","N/A","N/A","N/A"
"672","TNF","ENSG00000232810","672.1.1","N/A","N/A","N/A"
"673","TPH1","ENSG00000129167","673.1.1","tph-1","WBGene00006600","TryPtophan Hydroxylase  [Source:UniProtKB/TrEMBL;Acc:Q2V4U7]"
"674","TRH","ENSG00000170893","674.1.1","N/A","N/A","N/A"
"675","TSHB","ENSG00000134200","675.1.1","N/A","N/A","N/A"
"676","TSLP","ENSG00000145777","676.1.1","N/A","N/A","N/A"
"677","UBA52","ENSG00000221983","677.1.1","ubq-2","WBGene00006728","Ubiquitin-60S ribosomal protein L40 Ubiquitin 60S ribosomal protein L40 [Source:UniProtKB/Swiss-Prot;Acc:P49632]"
"678","UCN2","ENSG00000145040","678.1.1","N/A","N/A","N/A"
"679","UCN3","ENSG00000178473","679.1.1","N/A","N/A","N/A"
"680","UCN","ENSG00000163794","680.1.1","N/A","N/A","N/A"
"681","ULBP2","ENSG00000131015","681.1.1","N/A","N/A","N/A"
"682","UTS2B","ENSG00000188958","682.1.1","N/A","N/A","N/A"
"683","UTS2","ENSG00000049247","683.1.1","N/A","N/A","N/A"
"684","VASP","ENSG00000125753","684.1.1","unc-34","WBGene00006770","UNC-34  [Source:UniProtKB/TrEMBL;Acc:G5EG53]"
"685","VCAM1","ENSG00000162692","685.1.1","igdb-2","WBGene00007736","Ig-like and fibronectin type-III domain-containing protein 2  [Source:UniProtKB/Swiss-Prot;Acc:O18023]"
"685","VCAM1","ENSG00000162692","685.1.2","igdb-1","WBGene00011418","Ig-like and fibronectin type-III domain-containing protein 1  [Source:UniProtKB/Swiss-Prot;Acc:O18016]"
"686","VCAN","ENSG00000038427","686.1.1","N/A","N/A","N/A"
"687","VEGFA","ENSG00000112715","687.1.1","N/A","N/A","N/A"
"688","VEGFB","ENSG00000173511","688.1.1","N/A","N/A","N/A"
"689","VEGFC","ENSG00000150630","689.1.1","N/A","N/A","N/A"
"690","VIM","ENSG00000026025","690.1.1","N/A","N/A","N/A"
"691","VIP","ENSG00000146469","691.1.1","N/A","N/A","N/A"
"692","VTN","ENSG00000109072","692.1.1","N/A","N/A","N/A"
"693","VWF","ENSG00000110799","693.1.1","N/A","N/A","N/A"
"694","WNT11","ENSG00000085741","694.1.1","N/A","N/A","N/A"
"695","WNT16","ENSG00000002745","695.1.1","egl-20","WBGene00001188","Wnt homolog  [Source:UniProtKB/TrEMBL;Acc:G5EG05]"
"696","WNT1","ENSG00000125084","696.1.1","N/A","N/A","N/A"
"697","WNT2","ENSG00000105989","697.1.1","N/A","N/A","N/A"
"698","WNT3A","ENSG00000154342","698.1.1","N/A","N/A","N/A"
"699","WNT3","ENSG00000108379","699.1.1","N/A","N/A","N/A"
"700","WNT4","ENSG00000162552","700.1.1","N/A","N/A","N/A"
"701","WNT5A","ENSG00000114251","701.1.1","N/A","N/A","N/A"
"702","WNT7A","ENSG00000154764","702.1.1","N/A","N/A","N/A"
"703","WNT7B","ENSG00000188064","703.1.1","N/A","N/A","N/A"
"704","XCL1","ENSG00000143184","704.1.1","N/A","N/A","N/A"
"705","XCL2","ENSG00000143185","705.1.1","N/A","N/A","N/A"
"706","YARS","ENSG00000134684","706.1.1","N/A","N/A","N/A"
"707","ZG16B","ENSG00000162078","707.1.1","N/A","N/A","N/A"
"708","ZP3","ENSG00000188372","708.1.1","N/A","N/A","N/A"